The target system is: Linux -  - aarch64
The host system is: Linux - 6.8.0-111-generic - x86_64
Compiling the CXX compiler identification source file "CMakeCXXCompilerId.cpp" succeeded.
Compiler: /usr/bin/aarch64-linux-gnu-g++ 
Build flags: 
Id flags:  

The output was:
0


Compilation of the CXX compiler identification source "CMakeCXXCompilerId.cpp" produced "a.out"

The CXX compiler identification is GNU, found in "/home/anhtu/Downloads/ev_charger_ui/build-libocpp-frdm/CMakeFiles/3.22.1/CompilerIdCXX/a.out"

Detecting CXX compiler ABI info compiled with the following output:
Change Dir: /home/anhtu/Downloads/ev_charger_ui/build-libocpp-frdm/CMakeFiles/CMakeTmp

Run Build Command(s):/usr/bin/gmake -f Makefile cmTC_26586/fast && /usr/bin/gmake  -f CMakeFiles/cmTC_26586.dir/build.make CMakeFiles/cmTC_26586.dir/build
gmake[1]: Entering directory '/home/anhtu/Downloads/ev_charger_ui/build-libocpp-frdm/CMakeFiles/CMakeTmp'
Building CXX object CMakeFiles/cmTC_26586.dir/CMakeCXXCompilerABI.cpp.o
/usr/bin/aarch64-linux-gnu-g++ --sysroot=/home/anhtu/Downloads/ev_charger_ui/sysroot_frdm   -v -o CMakeFiles/cmTC_26586.dir/CMakeCXXCompilerABI.cpp.o -c /usr/share/cmake-3.22/Modules/CMakeCXXCompilerABI.cpp
Using built-in specs.
COLLECT_GCC=/usr/bin/aarch64-linux-gnu-g++
Target: aarch64-linux-gnu
Configured with: ../src/configure -v --with-pkgversion='Ubuntu 11.4.0-1ubuntu1~22.04.3' --with-bugurl=file:///usr/share/doc/gcc-11/README.Bugs --enable-languages=c,ada,c++,go,d,fortran,objc,obj-c++,m2 --prefix=/usr --with-gcc-major-version-only --program-suffix=-11 --enable-shared --enable-linker-build-id --libexecdir=/usr/lib --without-included-gettext --enable-threads=posix --libdir=/usr/lib --enable-nls --with-sysroot=/ --enable-clocale=gnu --enable-libstdcxx-debug --enable-libstdcxx-time=yes --with-default-libstdcxx-abi=new --enable-gnu-unique-object --disable-libquadmath --disable-libquadmath-support --enable-plugin --enable-default-pie --with-system-zlib --enable-libphobos-checking=release --without-target-system-zlib --enable-multiarch --enable-fix-cortex-a53-843419 --disable-werror --enable-checking=release --build=x86_64-linux-gnu --host=x86_64-linux-gnu --target=aarch64-linux-gnu --program-prefix=aarch64-linux-gnu- --includedir=/usr/aarch64-linux-gnu/include --with-build-config=bootstrap-lto-lean --enable-link-serialization=2
Thread model: posix
Supported LTO compression algorithms: zlib zstd
gcc version 11.4.0 (Ubuntu 11.4.0-1ubuntu1~22.04.3) 
COLLECT_GCC_OPTIONS='-v' '-o' 'CMakeFiles/cmTC_26586.dir/CMakeCXXCompilerABI.cpp.o' '-c' '-shared-libgcc' '-mlittle-endian' '-mabi=lp64' '-dumpdir' 'CMakeFiles/cmTC_26586.dir/'
 /usr/lib/gcc-cross/aarch64-linux-gnu/11/cc1plus -quiet -v -imultiarch aarch64-linux-gnu -isysroot /home/anhtu/Downloads/ev_charger_ui/sysroot_frdm -D_GNU_SOURCE /usr/share/cmake-3.22/Modules/CMakeCXXCompilerABI.cpp -quiet -dumpdir CMakeFiles/cmTC_26586.dir/ -dumpbase CMakeCXXCompilerABI.cpp.cpp -dumpbase-ext .cpp -mlittle-endian -mabi=lp64 -version -fasynchronous-unwind-tables -fstack-protector-strong -Wformat -Wformat-security -fstack-clash-protection -o /tmp/ccPQ7ilQ.s
GNU C++17 (Ubuntu 11.4.0-1ubuntu1~22.04.3) version 11.4.0 (aarch64-linux-gnu)
	compiled by GNU C version 11.4.0, GMP version 6.2.1, MPFR version 4.1.0, MPC version 1.2.1, isl version isl-0.24-GMP

GGC heuristics: --param ggc-min-expand=100 --param ggc-min-heapsize=131072
ignoring nonexistent directory "/home/anhtu/Downloads/ev_charger_ui/sysroot_frdm/usr/local/include/aarch64-linux-gnu"
ignoring nonexistent directory "/usr/lib/gcc-cross/aarch64-linux-gnu/11/include-fixed"
ignoring nonexistent directory "/home/anhtu/Downloads/ev_charger_ui/sysroot_frdm/usr/include/aarch64-linux-gnu"
#include "..." search starts here:
#include <...> search starts here:
 /usr/lib/gcc-cross/aarch64-linux-gnu/11/../../../../aarch64-linux-gnu/include/c++/11
 /usr/lib/gcc-cross/aarch64-linux-gnu/11/../../../../aarch64-linux-gnu/include/c++/11/aarch64-linux-gnu
 /usr/lib/gcc-cross/aarch64-linux-gnu/11/../../../../aarch64-linux-gnu/include/c++/11/backward
 /usr/lib/gcc-cross/aarch64-linux-gnu/11/include
 /usr/lib/gcc-cross/aarch64-linux-gnu/11/../../../../aarch64-linux-gnu/include
 /home/anhtu/Downloads/ev_charger_ui/sysroot_frdm/usr/include
End of search list.
GNU C++17 (Ubuntu 11.4.0-1ubuntu1~22.04.3) version 11.4.0 (aarch64-linux-gnu)
	compiled by GNU C version 11.4.0, GMP version 6.2.1, MPFR version 4.1.0, MPC version 1.2.1, isl version isl-0.24-GMP

GGC heuristics: --param ggc-min-expand=100 --param ggc-min-heapsize=131072
Compiler executable checksum: 56b4eda66f4f59c854dcb9a0faafd48e
COLLECT_GCC_OPTIONS='-v' '-o' 'CMakeFiles/cmTC_26586.dir/CMakeCXXCompilerABI.cpp.o' '-c' '-shared-libgcc' '-mlittle-endian' '-mabi=lp64' '-dumpdir' 'CMakeFiles/cmTC_26586.dir/'
 /usr/lib/gcc-cross/aarch64-linux-gnu/11/../../../../aarch64-linux-gnu/bin/as -v -EL -mabi=lp64 -o CMakeFiles/cmTC_26586.dir/CMakeCXXCompilerABI.cpp.o /tmp/ccPQ7ilQ.s
GNU assembler version 2.38 (aarch64-linux-gnu) using BFD version (GNU Binutils for Ubuntu) 2.38
COMPILER_PATH=/usr/lib/gcc-cross/aarch64-linux-gnu/11/:/usr/lib/gcc-cross/aarch64-linux-gnu/11/:/usr/lib/gcc-cross/aarch64-linux-gnu/:/usr/lib/gcc-cross/aarch64-linux-gnu/11/:/usr/lib/gcc-cross/aarch64-linux-gnu/:/usr/lib/gcc-cross/aarch64-linux-gnu/11/../../../../aarch64-linux-gnu/bin/
LIBRARY_PATH=/usr/lib/gcc-cross/aarch64-linux-gnu/11/:/usr/lib/gcc-cross/aarch64-linux-gnu/11/../../../../aarch64-linux-gnu/lib/../lib/:/home/anhtu/Downloads/ev_charger_ui/sysroot_frdm/lib/../lib/:/home/anhtu/Downloads/ev_charger_ui/sysroot_frdm/usr/lib/../lib/:/usr/lib/gcc-cross/aarch64-linux-gnu/11/../../../../aarch64-linux-gnu/lib/:/home/anhtu/Downloads/ev_charger_ui/sysroot_frdm/lib/:/home/anhtu/Downloads/ev_charger_ui/sysroot_frdm/usr/lib/
COLLECT_GCC_OPTIONS='-v' '-o' 'CMakeFiles/cmTC_26586.dir/CMakeCXXCompilerABI.cpp.o' '-c' '-shared-libgcc' '-mlittle-endian' '-mabi=lp64' '-dumpdir' 'CMakeFiles/cmTC_26586.dir/CMakeCXXCompilerABI.cpp.'
Linking CXX executable cmTC_26586
/usr/bin/cmake -E cmake_link_script CMakeFiles/cmTC_26586.dir/link.txt --verbose=1
/usr/bin/aarch64-linux-gnu-g++ --sysroot=/home/anhtu/Downloads/ev_charger_ui/sysroot_frdm -L/home/anhtu/Downloads/ev_charger_ui/sysroot_frdm/usr/lib -Wl,-rpath-link,/home/anhtu/Downloads/ev_charger_ui/sysroot_frdm/usr/lib -v CMakeFiles/cmTC_26586.dir/CMakeCXXCompilerABI.cpp.o -o cmTC_26586 
Using built-in specs.
COLLECT_GCC=/usr/bin/aarch64-linux-gnu-g++
COLLECT_LTO_WRAPPER=/usr/lib/gcc-cross/aarch64-linux-gnu/11/lto-wrapper
Target: aarch64-linux-gnu
Configured with: ../src/configure -v --with-pkgversion='Ubuntu 11.4.0-1ubuntu1~22.04.3' --with-bugurl=file:///usr/share/doc/gcc-11/README.Bugs --enable-languages=c,ada,c++,go,d,fortran,objc,obj-c++,m2 --prefix=/usr --with-gcc-major-version-only --program-suffix=-11 --enable-shared --enable-linker-build-id --libexecdir=/usr/lib --without-included-gettext --enable-threads=posix --libdir=/usr/lib --enable-nls --with-sysroot=/ --enable-clocale=gnu --enable-libstdcxx-debug --enable-libstdcxx-time=yes --with-default-libstdcxx-abi=new --enable-gnu-unique-object --disable-libquadmath --disable-libquadmath-support --enable-plugin --enable-default-pie --with-system-zlib --enable-libphobos-checking=release --without-target-system-zlib --enable-multiarch --enable-fix-cortex-a53-843419 --disable-werror --enable-checking=release --build=x86_64-linux-gnu --host=x86_64-linux-gnu --target=aarch64-linux-gnu --program-prefix=aarch64-linux-gnu- --includedir=/usr/aarch64-linux-gnu/include --with-build-config=bootstrap-lto-lean --enable-link-serialization=2
Thread model: posix
Supported LTO compression algorithms: zlib zstd
gcc version 11.4.0 (Ubuntu 11.4.0-1ubuntu1~22.04.3) 
COMPILER_PATH=/usr/lib/gcc-cross/aarch64-linux-gnu/11/:/usr/lib/gcc-cross/aarch64-linux-gnu/11/:/usr/lib/gcc-cross/aarch64-linux-gnu/:/usr/lib/gcc-cross/aarch64-linux-gnu/11/:/usr/lib/gcc-cross/aarch64-linux-gnu/:/usr/lib/gcc-cross/aarch64-linux-gnu/11/../../../../aarch64-linux-gnu/bin/
LIBRARY_PATH=/usr/lib/gcc-cross/aarch64-linux-gnu/11/:/usr/lib/gcc-cross/aarch64-linux-gnu/11/../../../../aarch64-linux-gnu/lib/../lib/:/home/anhtu/Downloads/ev_charger_ui/sysroot_frdm/lib/../lib/:/home/anhtu/Downloads/ev_charger_ui/sysroot_frdm/usr/lib/../lib/:/usr/lib/gcc-cross/aarch64-linux-gnu/11/../../../../aarch64-linux-gnu/lib/:/home/anhtu/Downloads/ev_charger_ui/sysroot_frdm/lib/:/home/anhtu/Downloads/ev_charger_ui/sysroot_frdm/usr/lib/
COLLECT_GCC_OPTIONS='-L/home/anhtu/Downloads/ev_charger_ui/sysroot_frdm/usr/lib' '-v' '-o' 'cmTC_26586' '-shared-libgcc' '-mlittle-endian' '-mabi=lp64' '-dumpdir' 'cmTC_26586.'
 /usr/lib/gcc-cross/aarch64-linux-gnu/11/collect2 -plugin /usr/lib/gcc-cross/aarch64-linux-gnu/11/liblto_plugin.so -plugin-opt=/usr/lib/gcc-cross/aarch64-linux-gnu/11/lto-wrapper -plugin-opt=-fresolution=/tmp/ccbc82c3.res -plugin-opt=-pass-through=-lgcc_s -plugin-opt=-pass-through=-lgcc -plugin-opt=-pass-through=-lc -plugin-opt=-pass-through=-lgcc_s -plugin-opt=-pass-through=-lgcc --sysroot=/home/anhtu/Downloads/ev_charger_ui/sysroot_frdm --build-id --eh-frame-hdr --hash-style=gnu --as-needed -dynamic-linker /lib/ld-linux-aarch64.so.1 -X -EL -maarch64linux --fix-cortex-a53-843419 -pie -z now -z relro -o cmTC_26586 /usr/lib/gcc-cross/aarch64-linux-gnu/11/../../../../aarch64-linux-gnu/lib/../lib/Scrt1.o /usr/lib/gcc-cross/aarch64-linux-gnu/11/../../../../aarch64-linux-gnu/lib/../lib/crti.o /usr/lib/gcc-cross/aarch64-linux-gnu/11/crtbeginS.o -L/home/anhtu/Downloads/ev_charger_ui/sysroot_frdm/usr/lib -L/usr/lib/gcc-cross/aarch64-linux-gnu/11 -L/usr/lib/gcc-cross/aarch64-linux-gnu/11/../../../../aarch64-linux-gnu/lib/../lib -L/home/anhtu/Downloads/ev_charger_ui/sysroot_frdm/lib/../lib -L/home/anhtu/Downloads/ev_charger_ui/sysroot_frdm/usr/lib/../lib -L/usr/lib/gcc-cross/aarch64-linux-gnu/11/../../../../aarch64-linux-gnu/lib -L/home/anhtu/Downloads/ev_charger_ui/sysroot_frdm/lib -L/home/anhtu/Downloads/ev_charger_ui/sysroot_frdm/usr/lib -rpath-link /home/anhtu/Downloads/ev_charger_ui/sysroot_frdm/usr/lib CMakeFiles/cmTC_26586.dir/CMakeCXXCompilerABI.cpp.o -lstdc++ -lm -lgcc_s -lgcc -lc -lgcc_s -lgcc /usr/lib/gcc-cross/aarch64-linux-gnu/11/crtendS.o /usr/lib/gcc-cross/aarch64-linux-gnu/11/../../../../aarch64-linux-gnu/lib/../lib/crtn.o
COLLECT_GCC_OPTIONS='-L/home/anhtu/Downloads/ev_charger_ui/sysroot_frdm/usr/lib' '-v' '-o' 'cmTC_26586' '-shared-libgcc' '-mlittle-endian' '-mabi=lp64' '-dumpdir' 'cmTC_26586.'
gmake[1]: Leaving directory '/home/anhtu/Downloads/ev_charger_ui/build-libocpp-frdm/CMakeFiles/CMakeTmp'



Parsed CXX implicit include dir info from above output: rv=done
  found start of include info
  found start of implicit include info
    add: [/usr/lib/gcc-cross/aarch64-linux-gnu/11/../../../../aarch64-linux-gnu/include/c++/11]
    add: [/usr/lib/gcc-cross/aarch64-linux-gnu/11/../../../../aarch64-linux-gnu/include/c++/11/aarch64-linux-gnu]
    add: [/usr/lib/gcc-cross/aarch64-linux-gnu/11/../../../../aarch64-linux-gnu/include/c++/11/backward]
    add: [/usr/lib/gcc-cross/aarch64-linux-gnu/11/include]
    add: [/usr/lib/gcc-cross/aarch64-linux-gnu/11/../../../../aarch64-linux-gnu/include]
    add: [/home/anhtu/Downloads/ev_charger_ui/sysroot_frdm/usr/include]
  end of search list found
  collapse include dir [/usr/lib/gcc-cross/aarch64-linux-gnu/11/../../../../aarch64-linux-gnu/include/c++/11] ==> [/usr/aarch64-linux-gnu/include/c++/11]
  collapse include dir [/usr/lib/gcc-cross/aarch64-linux-gnu/11/../../../../aarch64-linux-gnu/include/c++/11/aarch64-linux-gnu] ==> [/usr/aarch64-linux-gnu/include/c++/11/aarch64-linux-gnu]
  collapse include dir [/usr/lib/gcc-cross/aarch64-linux-gnu/11/../../../../aarch64-linux-gnu/include/c++/11/backward] ==> [/usr/aarch64-linux-gnu/include/c++/11/backward]
  collapse include dir [/usr/lib/gcc-cross/aarch64-linux-gnu/11/include] ==> [/usr/lib/gcc-cross/aarch64-linux-gnu/11/include]
  collapse include dir [/usr/lib/gcc-cross/aarch64-linux-gnu/11/../../../../aarch64-linux-gnu/include] ==> [/usr/aarch64-linux-gnu/include]
  collapse include dir [/home/anhtu/Downloads/ev_charger_ui/sysroot_frdm/usr/include] ==> [/home/anhtu/Downloads/ev_charger_ui/sysroot_frdm/usr/include]
  implicit include dirs: [/usr/aarch64-linux-gnu/include/c++/11;/usr/aarch64-linux-gnu/include/c++/11/aarch64-linux-gnu;/usr/aarch64-linux-gnu/include/c++/11/backward;/usr/lib/gcc-cross/aarch64-linux-gnu/11/include;/usr/aarch64-linux-gnu/include;/home/anhtu/Downloads/ev_charger_ui/sysroot_frdm/usr/include]


Parsed CXX implicit link information from above output:
  link line regex: [^( *|.*[/\])(aarch64-linux-gnu-ld|CMAKE_LINK_STARTFILE-NOTFOUND|([^/\]+-)?ld|collect2)[^/\]*( |$)]
  ignore line: [Change Dir: /home/anhtu/Downloads/ev_charger_ui/build-libocpp-frdm/CMakeFiles/CMakeTmp]
  ignore line: []
  ignore line: [Run Build Command(s):/usr/bin/gmake -f Makefile cmTC_26586/fast && /usr/bin/gmake  -f CMakeFiles/cmTC_26586.dir/build.make CMakeFiles/cmTC_26586.dir/build]
  ignore line: [gmake[1]: Entering directory '/home/anhtu/Downloads/ev_charger_ui/build-libocpp-frdm/CMakeFiles/CMakeTmp']
  ignore line: [Building CXX object CMakeFiles/cmTC_26586.dir/CMakeCXXCompilerABI.cpp.o]
  ignore line: [/usr/bin/aarch64-linux-gnu-g++ --sysroot=/home/anhtu/Downloads/ev_charger_ui/sysroot_frdm   -v -o CMakeFiles/cmTC_26586.dir/CMakeCXXCompilerABI.cpp.o -c /usr/share/cmake-3.22/Modules/CMakeCXXCompilerABI.cpp]
  ignore line: [Using built-in specs.]
  ignore line: [COLLECT_GCC=/usr/bin/aarch64-linux-gnu-g++]
  ignore line: [Target: aarch64-linux-gnu]
  ignore line: [Configured with: ../src/configure -v --with-pkgversion='Ubuntu 11.4.0-1ubuntu1~22.04.3' --with-bugurl=file:///usr/share/doc/gcc-11/README.Bugs --enable-languages=c ada c++ go d fortran objc obj-c++ m2 --prefix=/usr --with-gcc-major-version-only --program-suffix=-11 --enable-shared --enable-linker-build-id --libexecdir=/usr/lib --without-included-gettext --enable-threads=posix --libdir=/usr/lib --enable-nls --with-sysroot=/ --enable-clocale=gnu --enable-libstdcxx-debug --enable-libstdcxx-time=yes --with-default-libstdcxx-abi=new --enable-gnu-unique-object --disable-libquadmath --disable-libquadmath-support --enable-plugin --enable-default-pie --with-system-zlib --enable-libphobos-checking=release --without-target-system-zlib --enable-multiarch --enable-fix-cortex-a53-843419 --disable-werror --enable-checking=release --build=x86_64-linux-gnu --host=x86_64-linux-gnu --target=aarch64-linux-gnu --program-prefix=aarch64-linux-gnu- --includedir=/usr/aarch64-linux-gnu/include --with-build-config=bootstrap-lto-lean --enable-link-serialization=2]
  ignore line: [Thread model: posix]
  ignore line: [Supported LTO compression algorithms: zlib zstd]
  ignore line: [gcc version 11.4.0 (Ubuntu 11.4.0-1ubuntu1~22.04.3) ]
  ignore line: [COLLECT_GCC_OPTIONS='-v' '-o' 'CMakeFiles/cmTC_26586.dir/CMakeCXXCompilerABI.cpp.o' '-c' '-shared-libgcc' '-mlittle-endian' '-mabi=lp64' '-dumpdir' 'CMakeFiles/cmTC_26586.dir/']
  ignore line: [ /usr/lib/gcc-cross/aarch64-linux-gnu/11/cc1plus -quiet -v -imultiarch aarch64-linux-gnu -isysroot /home/anhtu/Downloads/ev_charger_ui/sysroot_frdm -D_GNU_SOURCE /usr/share/cmake-3.22/Modules/CMakeCXXCompilerABI.cpp -quiet -dumpdir CMakeFiles/cmTC_26586.dir/ -dumpbase CMakeCXXCompilerABI.cpp.cpp -dumpbase-ext .cpp -mlittle-endian -mabi=lp64 -version -fasynchronous-unwind-tables -fstack-protector-strong -Wformat -Wformat-security -fstack-clash-protection -o /tmp/ccPQ7ilQ.s]
  ignore line: [GNU C++17 (Ubuntu 11.4.0-1ubuntu1~22.04.3) version 11.4.0 (aarch64-linux-gnu)]
  ignore line: [	compiled by GNU C version 11.4.0  GMP version 6.2.1  MPFR version 4.1.0  MPC version 1.2.1  isl version isl-0.24-GMP]
  ignore line: []
  ignore line: [GGC heuristics: --param ggc-min-expand=100 --param ggc-min-heapsize=131072]
  ignore line: [ignoring nonexistent directory "/home/anhtu/Downloads/ev_charger_ui/sysroot_frdm/usr/local/include/aarch64-linux-gnu"]
  ignore line: [ignoring nonexistent directory "/usr/lib/gcc-cross/aarch64-linux-gnu/11/include-fixed"]
  ignore line: [ignoring nonexistent directory "/home/anhtu/Downloads/ev_charger_ui/sysroot_frdm/usr/include/aarch64-linux-gnu"]
  ignore line: [#include "..." search starts here:]
  ignore line: [#include <...> search starts here:]
  ignore line: [ /usr/lib/gcc-cross/aarch64-linux-gnu/11/../../../../aarch64-linux-gnu/include/c++/11]
  ignore line: [ /usr/lib/gcc-cross/aarch64-linux-gnu/11/../../../../aarch64-linux-gnu/include/c++/11/aarch64-linux-gnu]
  ignore line: [ /usr/lib/gcc-cross/aarch64-linux-gnu/11/../../../../aarch64-linux-gnu/include/c++/11/backward]
  ignore line: [ /usr/lib/gcc-cross/aarch64-linux-gnu/11/include]
  ignore line: [ /usr/lib/gcc-cross/aarch64-linux-gnu/11/../../../../aarch64-linux-gnu/include]
  ignore line: [ /home/anhtu/Downloads/ev_charger_ui/sysroot_frdm/usr/include]
  ignore line: [End of search list.]
  ignore line: [GNU C++17 (Ubuntu 11.4.0-1ubuntu1~22.04.3) version 11.4.0 (aarch64-linux-gnu)]
  ignore line: [	compiled by GNU C version 11.4.0  GMP version 6.2.1  MPFR version 4.1.0  MPC version 1.2.1  isl version isl-0.24-GMP]
  ignore line: []
  ignore line: [GGC heuristics: --param ggc-min-expand=100 --param ggc-min-heapsize=131072]
  ignore line: [Compiler executable checksum: 56b4eda66f4f59c854dcb9a0faafd48e]
  ignore line: [COLLECT_GCC_OPTIONS='-v' '-o' 'CMakeFiles/cmTC_26586.dir/CMakeCXXCompilerABI.cpp.o' '-c' '-shared-libgcc' '-mlittle-endian' '-mabi=lp64' '-dumpdir' 'CMakeFiles/cmTC_26586.dir/']
  ignore line: [ /usr/lib/gcc-cross/aarch64-linux-gnu/11/../../../../aarch64-linux-gnu/bin/as -v -EL -mabi=lp64 -o CMakeFiles/cmTC_26586.dir/CMakeCXXCompilerABI.cpp.o /tmp/ccPQ7ilQ.s]
  ignore line: [GNU assembler version 2.38 (aarch64-linux-gnu) using BFD version (GNU Binutils for Ubuntu) 2.38]
  ignore line: [COMPILER_PATH=/usr/lib/gcc-cross/aarch64-linux-gnu/11/:/usr/lib/gcc-cross/aarch64-linux-gnu/11/:/usr/lib/gcc-cross/aarch64-linux-gnu/:/usr/lib/gcc-cross/aarch64-linux-gnu/11/:/usr/lib/gcc-cross/aarch64-linux-gnu/:/usr/lib/gcc-cross/aarch64-linux-gnu/11/../../../../aarch64-linux-gnu/bin/]
  ignore line: [LIBRARY_PATH=/usr/lib/gcc-cross/aarch64-linux-gnu/11/:/usr/lib/gcc-cross/aarch64-linux-gnu/11/../../../../aarch64-linux-gnu/lib/../lib/:/home/anhtu/Downloads/ev_charger_ui/sysroot_frdm/lib/../lib/:/home/anhtu/Downloads/ev_charger_ui/sysroot_frdm/usr/lib/../lib/:/usr/lib/gcc-cross/aarch64-linux-gnu/11/../../../../aarch64-linux-gnu/lib/:/home/anhtu/Downloads/ev_charger_ui/sysroot_frdm/lib/:/home/anhtu/Downloads/ev_charger_ui/sysroot_frdm/usr/lib/]
  ignore line: [COLLECT_GCC_OPTIONS='-v' '-o' 'CMakeFiles/cmTC_26586.dir/CMakeCXXCompilerABI.cpp.o' '-c' '-shared-libgcc' '-mlittle-endian' '-mabi=lp64' '-dumpdir' 'CMakeFiles/cmTC_26586.dir/CMakeCXXCompilerABI.cpp.']
  ignore line: [Linking CXX executable cmTC_26586]
  ignore line: [/usr/bin/cmake -E cmake_link_script CMakeFiles/cmTC_26586.dir/link.txt --verbose=1]
  ignore line: [/usr/bin/aarch64-linux-gnu-g++ --sysroot=/home/anhtu/Downloads/ev_charger_ui/sysroot_frdm -L/home/anhtu/Downloads/ev_charger_ui/sysroot_frdm/usr/lib -Wl -rpath-link /home/anhtu/Downloads/ev_charger_ui/sysroot_frdm/usr/lib -v CMakeFiles/cmTC_26586.dir/CMakeCXXCompilerABI.cpp.o -o cmTC_26586 ]
  ignore line: [Using built-in specs.]
  ignore line: [COLLECT_GCC=/usr/bin/aarch64-linux-gnu-g++]
  ignore line: [COLLECT_LTO_WRAPPER=/usr/lib/gcc-cross/aarch64-linux-gnu/11/lto-wrapper]
  ignore line: [Target: aarch64-linux-gnu]
  ignore line: [Configured with: ../src/configure -v --with-pkgversion='Ubuntu 11.4.0-1ubuntu1~22.04.3' --with-bugurl=file:///usr/share/doc/gcc-11/README.Bugs --enable-languages=c ada c++ go d fortran objc obj-c++ m2 --prefix=/usr --with-gcc-major-version-only --program-suffix=-11 --enable-shared --enable-linker-build-id --libexecdir=/usr/lib --without-included-gettext --enable-threads=posix --libdir=/usr/lib --enable-nls --with-sysroot=/ --enable-clocale=gnu --enable-libstdcxx-debug --enable-libstdcxx-time=yes --with-default-libstdcxx-abi=new --enable-gnu-unique-object --disable-libquadmath --disable-libquadmath-support --enable-plugin --enable-default-pie --with-system-zlib --enable-libphobos-checking=release --without-target-system-zlib --enable-multiarch --enable-fix-cortex-a53-843419 --disable-werror --enable-checking=release --build=x86_64-linux-gnu --host=x86_64-linux-gnu --target=aarch64-linux-gnu --program-prefix=aarch64-linux-gnu- --includedir=/usr/aarch64-linux-gnu/include --with-build-config=bootstrap-lto-lean --enable-link-serialization=2]
  ignore line: [Thread model: posix]
  ignore line: [Supported LTO compression algorithms: zlib zstd]
  ignore line: [gcc version 11.4.0 (Ubuntu 11.4.0-1ubuntu1~22.04.3) ]
  ignore line: [COMPILER_PATH=/usr/lib/gcc-cross/aarch64-linux-gnu/11/:/usr/lib/gcc-cross/aarch64-linux-gnu/11/:/usr/lib/gcc-cross/aarch64-linux-gnu/:/usr/lib/gcc-cross/aarch64-linux-gnu/11/:/usr/lib/gcc-cross/aarch64-linux-gnu/:/usr/lib/gcc-cross/aarch64-linux-gnu/11/../../../../aarch64-linux-gnu/bin/]
  ignore line: [LIBRARY_PATH=/usr/lib/gcc-cross/aarch64-linux-gnu/11/:/usr/lib/gcc-cross/aarch64-linux-gnu/11/../../../../aarch64-linux-gnu/lib/../lib/:/home/anhtu/Downloads/ev_charger_ui/sysroot_frdm/lib/../lib/:/home/anhtu/Downloads/ev_charger_ui/sysroot_frdm/usr/lib/../lib/:/usr/lib/gcc-cross/aarch64-linux-gnu/11/../../../../aarch64-linux-gnu/lib/:/home/anhtu/Downloads/ev_charger_ui/sysroot_frdm/lib/:/home/anhtu/Downloads/ev_charger_ui/sysroot_frdm/usr/lib/]
  ignore line: [COLLECT_GCC_OPTIONS='-L/home/anhtu/Downloads/ev_charger_ui/sysroot_frdm/usr/lib' '-v' '-o' 'cmTC_26586' '-shared-libgcc' '-mlittle-endian' '-mabi=lp64' '-dumpdir' 'cmTC_26586.']
  link line: [ /usr/lib/gcc-cross/aarch64-linux-gnu/11/collect2 -plugin /usr/lib/gcc-cross/aarch64-linux-gnu/11/liblto_plugin.so -plugin-opt=/usr/lib/gcc-cross/aarch64-linux-gnu/11/lto-wrapper -plugin-opt=-fresolution=/tmp/ccbc82c3.res -plugin-opt=-pass-through=-lgcc_s -plugin-opt=-pass-through=-lgcc -plugin-opt=-pass-through=-lc -plugin-opt=-pass-through=-lgcc_s -plugin-opt=-pass-through=-lgcc --sysroot=/home/anhtu/Downloads/ev_charger_ui/sysroot_frdm --build-id --eh-frame-hdr --hash-style=gnu --as-needed -dynamic-linker /lib/ld-linux-aarch64.so.1 -X -EL -maarch64linux --fix-cortex-a53-843419 -pie -z now -z relro -o cmTC_26586 /usr/lib/gcc-cross/aarch64-linux-gnu/11/../../../../aarch64-linux-gnu/lib/../lib/Scrt1.o /usr/lib/gcc-cross/aarch64-linux-gnu/11/../../../../aarch64-linux-gnu/lib/../lib/crti.o /usr/lib/gcc-cross/aarch64-linux-gnu/11/crtbeginS.o -L/home/anhtu/Downloads/ev_charger_ui/sysroot_frdm/usr/lib -L/usr/lib/gcc-cross/aarch64-linux-gnu/11 -L/usr/lib/gcc-cross/aarch64-linux-gnu/11/../../../../aarch64-linux-gnu/lib/../lib -L/home/anhtu/Downloads/ev_charger_ui/sysroot_frdm/lib/../lib -L/home/anhtu/Downloads/ev_charger_ui/sysroot_frdm/usr/lib/../lib -L/usr/lib/gcc-cross/aarch64-linux-gnu/11/../../../../aarch64-linux-gnu/lib -L/home/anhtu/Downloads/ev_charger_ui/sysroot_frdm/lib -L/home/anhtu/Downloads/ev_charger_ui/sysroot_frdm/usr/lib -rpath-link /home/anhtu/Downloads/ev_charger_ui/sysroot_frdm/usr/lib CMakeFiles/cmTC_26586.dir/CMakeCXXCompilerABI.cpp.o -lstdc++ -lm -lgcc_s -lgcc -lc -lgcc_s -lgcc /usr/lib/gcc-cross/aarch64-linux-gnu/11/crtendS.o /usr/lib/gcc-cross/aarch64-linux-gnu/11/../../../../aarch64-linux-gnu/lib/../lib/crtn.o]
    arg [/usr/lib/gcc-cross/aarch64-linux-gnu/11/collect2] ==> ignore
    arg [-plugin] ==> ignore
    arg [/usr/lib/gcc-cross/aarch64-linux-gnu/11/liblto_plugin.so] ==> ignore
    arg [-plugin-opt=/usr/lib/gcc-cross/aarch64-linux-gnu/11/lto-wrapper] ==> ignore
    arg [-plugin-opt=-fresolution=/tmp/ccbc82c3.res] ==> ignore
    arg [-plugin-opt=-pass-through=-lgcc_s] ==> ignore
    arg [-plugin-opt=-pass-through=-lgcc] ==> ignore
    arg [-plugin-opt=-pass-through=-lc] ==> ignore
    arg [-plugin-opt=-pass-through=-lgcc_s] ==> ignore
    arg [-plugin-opt=-pass-through=-lgcc] ==> ignore
    arg [--sysroot=/home/anhtu/Downloads/ev_charger_ui/sysroot_frdm] ==> ignore
    arg [--build-id] ==> ignore
    arg [--eh-frame-hdr] ==> ignore
    arg [--hash-style=gnu] ==> ignore
    arg [--as-needed] ==> ignore
    arg [-dynamic-linker] ==> ignore
    arg [/lib/ld-linux-aarch64.so.1] ==> ignore
    arg [-X] ==> ignore
    arg [-EL] ==> ignore
    arg [-maarch64linux] ==> ignore
    arg [--fix-cortex-a53-843419] ==> ignore
    arg [-pie] ==> ignore
    arg [-znow] ==> ignore
    arg [-zrelro] ==> ignore
    arg [-o] ==> ignore
    arg [cmTC_26586] ==> ignore
    arg [/usr/lib/gcc-cross/aarch64-linux-gnu/11/../../../../aarch64-linux-gnu/lib/../lib/Scrt1.o] ==> obj [/usr/lib/gcc-cross/aarch64-linux-gnu/11/../../../../aarch64-linux-gnu/lib/../lib/Scrt1.o]
    arg [/usr/lib/gcc-cross/aarch64-linux-gnu/11/../../../../aarch64-linux-gnu/lib/../lib/crti.o] ==> obj [/usr/lib/gcc-cross/aarch64-linux-gnu/11/../../../../aarch64-linux-gnu/lib/../lib/crti.o]
    arg [/usr/lib/gcc-cross/aarch64-linux-gnu/11/crtbeginS.o] ==> obj [/usr/lib/gcc-cross/aarch64-linux-gnu/11/crtbeginS.o]
    arg [-L/home/anhtu/Downloads/ev_charger_ui/sysroot_frdm/usr/lib] ==> dir [/home/anhtu/Downloads/ev_charger_ui/sysroot_frdm/usr/lib]
    arg [-L/usr/lib/gcc-cross/aarch64-linux-gnu/11] ==> dir [/usr/lib/gcc-cross/aarch64-linux-gnu/11]
    arg [-L/usr/lib/gcc-cross/aarch64-linux-gnu/11/../../../../aarch64-linux-gnu/lib/../lib] ==> dir [/usr/lib/gcc-cross/aarch64-linux-gnu/11/../../../../aarch64-linux-gnu/lib/../lib]
    arg [-L/home/anhtu/Downloads/ev_charger_ui/sysroot_frdm/lib/../lib] ==> dir [/home/anhtu/Downloads/ev_charger_ui/sysroot_frdm/lib/../lib]
    arg [-L/home/anhtu/Downloads/ev_charger_ui/sysroot_frdm/usr/lib/../lib] ==> dir [/home/anhtu/Downloads/ev_charger_ui/sysroot_frdm/usr/lib/../lib]
    arg [-L/usr/lib/gcc-cross/aarch64-linux-gnu/11/../../../../aarch64-linux-gnu/lib] ==> dir [/usr/lib/gcc-cross/aarch64-linux-gnu/11/../../../../aarch64-linux-gnu/lib]
    arg [-L/home/anhtu/Downloads/ev_charger_ui/sysroot_frdm/lib] ==> dir [/home/anhtu/Downloads/ev_charger_ui/sysroot_frdm/lib]
    arg [-L/home/anhtu/Downloads/ev_charger_ui/sysroot_frdm/usr/lib] ==> dir [/home/anhtu/Downloads/ev_charger_ui/sysroot_frdm/usr/lib]
    arg [-rpath-link] ==> ignore
    arg [/home/anhtu/Downloads/ev_charger_ui/sysroot_frdm/usr/lib] ==> ignore
    arg [CMakeFiles/cmTC_26586.dir/CMakeCXXCompilerABI.cpp.o] ==> ignore
    arg [-lstdc++] ==> lib [stdc++]
    arg [-lm] ==> lib [m]
    arg [-lgcc_s] ==> lib [gcc_s]
    arg [-lgcc] ==> lib [gcc]
    arg [-lc] ==> lib [c]
    arg [-lgcc_s] ==> lib [gcc_s]
    arg [-lgcc] ==> lib [gcc]
    arg [/usr/lib/gcc-cross/aarch64-linux-gnu/11/crtendS.o] ==> obj [/usr/lib/gcc-cross/aarch64-linux-gnu/11/crtendS.o]
    arg [/usr/lib/gcc-cross/aarch64-linux-gnu/11/../../../../aarch64-linux-gnu/lib/../lib/crtn.o] ==> obj [/usr/lib/gcc-cross/aarch64-linux-gnu/11/../../../../aarch64-linux-gnu/lib/../lib/crtn.o]
  collapse obj [/usr/lib/gcc-cross/aarch64-linux-gnu/11/../../../../aarch64-linux-gnu/lib/../lib/Scrt1.o] ==> [/usr/aarch64-linux-gnu/lib/Scrt1.o]
  collapse obj [/usr/lib/gcc-cross/aarch64-linux-gnu/11/../../../../aarch64-linux-gnu/lib/../lib/crti.o] ==> [/usr/aarch64-linux-gnu/lib/crti.o]
  collapse obj [/usr/lib/gcc-cross/aarch64-linux-gnu/11/../../../../aarch64-linux-gnu/lib/../lib/crtn.o] ==> [/usr/aarch64-linux-gnu/lib/crtn.o]
  collapse library dir [/home/anhtu/Downloads/ev_charger_ui/sysroot_frdm/usr/lib] ==> [/home/anhtu/Downloads/ev_charger_ui/sysroot_frdm/usr/lib]
  collapse library dir [/usr/lib/gcc-cross/aarch64-linux-gnu/11] ==> [/usr/lib/gcc-cross/aarch64-linux-gnu/11]
  collapse library dir [/usr/lib/gcc-cross/aarch64-linux-gnu/11/../../../../aarch64-linux-gnu/lib/../lib] ==> [/usr/aarch64-linux-gnu/lib]
  collapse library dir [/home/anhtu/Downloads/ev_charger_ui/sysroot_frdm/lib/../lib] ==> [/home/anhtu/Downloads/ev_charger_ui/sysroot_frdm/lib]
  collapse library dir [/home/anhtu/Downloads/ev_charger_ui/sysroot_frdm/usr/lib/../lib] ==> [/home/anhtu/Downloads/ev_charger_ui/sysroot_frdm/usr/lib]
  collapse library dir [/usr/lib/gcc-cross/aarch64-linux-gnu/11/../../../../aarch64-linux-gnu/lib] ==> [/usr/aarch64-linux-gnu/lib]
  collapse library dir [/home/anhtu/Downloads/ev_charger_ui/sysroot_frdm/lib] ==> [/home/anhtu/Downloads/ev_charger_ui/sysroot_frdm/lib]
  collapse library dir [/home/anhtu/Downloads/ev_charger_ui/sysroot_frdm/usr/lib] ==> [/home/anhtu/Downloads/ev_charger_ui/sysroot_frdm/usr/lib]
  implicit libs: [stdc++;m;gcc_s;gcc;c;gcc_s;gcc]
  implicit objs: [/usr/aarch64-linux-gnu/lib/Scrt1.o;/usr/aarch64-linux-gnu/lib/crti.o;/usr/lib/gcc-cross/aarch64-linux-gnu/11/crtbeginS.o;/usr/lib/gcc-cross/aarch64-linux-gnu/11/crtendS.o;/usr/aarch64-linux-gnu/lib/crtn.o]
  implicit dirs: [/home/anhtu/Downloads/ev_charger_ui/sysroot_frdm/usr/lib;/usr/lib/gcc-cross/aarch64-linux-gnu/11;/usr/aarch64-linux-gnu/lib;/home/anhtu/Downloads/ev_charger_ui/sysroot_frdm/lib]
  implicit fwks: []


Determining if the include file pthread.h exists passed with the following output:
Change Dir: /home/anhtu/Downloads/ev_charger_ui/build-libocpp-frdm/CMakeFiles/CMakeTmp

Run Build Command(s):/usr/bin/gmake -f Makefile cmTC_e41be/fast && /usr/bin/gmake  -f CMakeFiles/cmTC_e41be.dir/build.make CMakeFiles/cmTC_e41be.dir/build
gmake[1]: Entering directory '/home/anhtu/Downloads/ev_charger_ui/build-libocpp-frdm/CMakeFiles/CMakeTmp'
Building CXX object CMakeFiles/cmTC_e41be.dir/CheckIncludeFile.cxx.o
/usr/bin/aarch64-linux-gnu-g++ --sysroot=/home/anhtu/Downloads/ev_charger_ui/sysroot_frdm    -o CMakeFiles/cmTC_e41be.dir/CheckIncludeFile.cxx.o -c /home/anhtu/Downloads/ev_charger_ui/build-libocpp-frdm/CMakeFiles/CMakeTmp/CheckIncludeFile.cxx
Linking CXX executable cmTC_e41be
/usr/bin/cmake -E cmake_link_script CMakeFiles/cmTC_e41be.dir/link.txt --verbose=1
/usr/bin/aarch64-linux-gnu-g++ --sysroot=/home/anhtu/Downloads/ev_charger_ui/sysroot_frdm -L/home/anhtu/Downloads/ev_charger_ui/sysroot_frdm/usr/lib -Wl,-rpath-link,/home/anhtu/Downloads/ev_charger_ui/sysroot_frdm/usr/lib  CMakeFiles/cmTC_e41be.dir/CheckIncludeFile.cxx.o -o cmTC_e41be 
gmake[1]: Leaving directory '/home/anhtu/Downloads/ev_charger_ui/build-libocpp-frdm/CMakeFiles/CMakeTmp'



Performing C++ SOURCE FILE Test CMAKE_HAVE_LIBC_PTHREAD succeeded with the following output:
Change Dir: /home/anhtu/Downloads/ev_charger_ui/build-libocpp-frdm/CMakeFiles/CMakeTmp

Run Build Command(s):/usr/bin/gmake -f Makefile cmTC_56c6e/fast && /usr/bin/gmake  -f CMakeFiles/cmTC_56c6e.dir/build.make CMakeFiles/cmTC_56c6e.dir/build
gmake[1]: Entering directory '/home/anhtu/Downloads/ev_charger_ui/build-libocpp-frdm/CMakeFiles/CMakeTmp'
Building CXX object CMakeFiles/cmTC_56c6e.dir/src.cxx.o
/usr/bin/aarch64-linux-gnu-g++ --sysroot=/home/anhtu/Downloads/ev_charger_ui/sysroot_frdm -DCMAKE_HAVE_LIBC_PTHREAD   -o CMakeFiles/cmTC_56c6e.dir/src.cxx.o -c /home/anhtu/Downloads/ev_charger_ui/build-libocpp-frdm/CMakeFiles/CMakeTmp/src.cxx
Linking CXX executable cmTC_56c6e
/usr/bin/cmake -E cmake_link_script CMakeFiles/cmTC_56c6e.dir/link.txt --verbose=1
/usr/bin/aarch64-linux-gnu-g++ --sysroot=/home/anhtu/Downloads/ev_charger_ui/sysroot_frdm -L/home/anhtu/Downloads/ev_charger_ui/sysroot_frdm/usr/lib -Wl,-rpath-link,/home/anhtu/Downloads/ev_charger_ui/sysroot_frdm/usr/lib  CMakeFiles/cmTC_56c6e.dir/src.cxx.o -o cmTC_56c6e 
gmake[1]: Leaving directory '/home/anhtu/Downloads/ev_charger_ui/build-libocpp-frdm/CMakeFiles/CMakeTmp'


Source file was:
#include <pthread.h>

static void* test_func(void* data)
{
  return data;
}

int main(void)
{
  pthread_t thread;
  pthread_create(&thread, NULL, test_func, NULL);
  pthread_detach(thread);
  pthread_cancel(thread);
  pthread_join(thread, NULL);
  pthread_atfork(NULL, NULL, NULL);
  pthread_exit(NULL);

  return 0;
}

Compiling the C compiler identification source file "CMakeCCompilerId.c" succeeded.
Compiler: /usr/bin/aarch64-linux-gnu-gcc 
Build flags: 
Id flags:  

The output was:
0


Compilation of the C compiler identification source "CMakeCCompilerId.c" produced "a.out"

The C compiler identification is GNU, found in "/home/anhtu/Downloads/ev_charger_ui/build-libocpp-frdm/CMakeFiles/3.22.1/CompilerIdC/a.out"

Detecting C compiler ABI info compiled with the following output:
Change Dir: /home/anhtu/Downloads/ev_charger_ui/build-libocpp-frdm/CMakeFiles/CMakeTmp

Run Build Command(s):/usr/bin/gmake -f Makefile cmTC_07567/fast && /usr/bin/gmake  -f CMakeFiles/cmTC_07567.dir/build.make CMakeFiles/cmTC_07567.dir/build
gmake[1]: Entering directory '/home/anhtu/Downloads/ev_charger_ui/build-libocpp-frdm/CMakeFiles/CMakeTmp'
Building C object CMakeFiles/cmTC_07567.dir/CMakeCCompilerABI.c.o
/usr/bin/aarch64-linux-gnu-gcc --sysroot=/home/anhtu/Downloads/ev_charger_ui/sysroot_frdm   -v -o CMakeFiles/cmTC_07567.dir/CMakeCCompilerABI.c.o -c /usr/share/cmake-3.22/Modules/CMakeCCompilerABI.c
Using built-in specs.
COLLECT_GCC=/usr/bin/aarch64-linux-gnu-gcc
Target: aarch64-linux-gnu
Configured with: ../src/configure -v --with-pkgversion='Ubuntu 11.4.0-1ubuntu1~22.04.3' --with-bugurl=file:///usr/share/doc/gcc-11/README.Bugs --enable-languages=c,ada,c++,go,d,fortran,objc,obj-c++,m2 --prefix=/usr --with-gcc-major-version-only --program-suffix=-11 --enable-shared --enable-linker-build-id --libexecdir=/usr/lib --without-included-gettext --enable-threads=posix --libdir=/usr/lib --enable-nls --with-sysroot=/ --enable-clocale=gnu --enable-libstdcxx-debug --enable-libstdcxx-time=yes --with-default-libstdcxx-abi=new --enable-gnu-unique-object --disable-libquadmath --disable-libquadmath-support --enable-plugin --enable-default-pie --with-system-zlib --enable-libphobos-checking=release --without-target-system-zlib --enable-multiarch --enable-fix-cortex-a53-843419 --disable-werror --enable-checking=release --build=x86_64-linux-gnu --host=x86_64-linux-gnu --target=aarch64-linux-gnu --program-prefix=aarch64-linux-gnu- --includedir=/usr/aarch64-linux-gnu/include --with-build-config=bootstrap-lto-lean --enable-link-serialization=2
Thread model: posix
Supported LTO compression algorithms: zlib zstd
gcc version 11.4.0 (Ubuntu 11.4.0-1ubuntu1~22.04.3) 
COLLECT_GCC_OPTIONS='-v' '-o' 'CMakeFiles/cmTC_07567.dir/CMakeCCompilerABI.c.o' '-c' '-mlittle-endian' '-mabi=lp64' '-dumpdir' 'CMakeFiles/cmTC_07567.dir/'
 /usr/lib/gcc-cross/aarch64-linux-gnu/11/cc1 -quiet -v -imultiarch aarch64-linux-gnu -isysroot /home/anhtu/Downloads/ev_charger_ui/sysroot_frdm /usr/share/cmake-3.22/Modules/CMakeCCompilerABI.c -quiet -dumpdir CMakeFiles/cmTC_07567.dir/ -dumpbase CMakeCCompilerABI.c.c -dumpbase-ext .c -mlittle-endian -mabi=lp64 -version -fasynchronous-unwind-tables -fstack-protector-strong -Wformat -Wformat-security -fstack-clash-protection -o /tmp/cc70y44h.s
GNU C17 (Ubuntu 11.4.0-1ubuntu1~22.04.3) version 11.4.0 (aarch64-linux-gnu)
	compiled by GNU C version 11.4.0, GMP version 6.2.1, MPFR version 4.1.0, MPC version 1.2.1, isl version isl-0.24-GMP

GGC heuristics: --param ggc-min-expand=100 --param ggc-min-heapsize=131072
ignoring nonexistent directory "/home/anhtu/Downloads/ev_charger_ui/sysroot_frdm/usr/local/include/aarch64-linux-gnu"
ignoring nonexistent directory "/usr/lib/gcc-cross/aarch64-linux-gnu/11/include-fixed"
ignoring nonexistent directory "/home/anhtu/Downloads/ev_charger_ui/sysroot_frdm/usr/include/aarch64-linux-gnu"
#include "..." search starts here:
#include <...> search starts here:
 /usr/lib/gcc-cross/aarch64-linux-gnu/11/include
 /usr/lib/gcc-cross/aarch64-linux-gnu/11/../../../../aarch64-linux-gnu/include
 /home/anhtu/Downloads/ev_charger_ui/sysroot_frdm/usr/include
End of search list.
GNU C17 (Ubuntu 11.4.0-1ubuntu1~22.04.3) version 11.4.0 (aarch64-linux-gnu)
	compiled by GNU C version 11.4.0, GMP version 6.2.1, MPFR version 4.1.0, MPC version 1.2.1, isl version isl-0.24-GMP

GGC heuristics: --param ggc-min-expand=100 --param ggc-min-heapsize=131072
Compiler executable checksum: 2a6f833664a1d9b9ebcff0efa3d423b5
COLLECT_GCC_OPTIONS='-v' '-o' 'CMakeFiles/cmTC_07567.dir/CMakeCCompilerABI.c.o' '-c' '-mlittle-endian' '-mabi=lp64' '-dumpdir' 'CMakeFiles/cmTC_07567.dir/'
 /usr/lib/gcc-cross/aarch64-linux-gnu/11/../../../../aarch64-linux-gnu/bin/as -v -EL -mabi=lp64 -o CMakeFiles/cmTC_07567.dir/CMakeCCompilerABI.c.o /tmp/cc70y44h.s
GNU assembler version 2.38 (aarch64-linux-gnu) using BFD version (GNU Binutils for Ubuntu) 2.38
COMPILER_PATH=/usr/lib/gcc-cross/aarch64-linux-gnu/11/:/usr/lib/gcc-cross/aarch64-linux-gnu/11/:/usr/lib/gcc-cross/aarch64-linux-gnu/:/usr/lib/gcc-cross/aarch64-linux-gnu/11/:/usr/lib/gcc-cross/aarch64-linux-gnu/:/usr/lib/gcc-cross/aarch64-linux-gnu/11/../../../../aarch64-linux-gnu/bin/
LIBRARY_PATH=/usr/lib/gcc-cross/aarch64-linux-gnu/11/:/usr/lib/gcc-cross/aarch64-linux-gnu/11/../../../../aarch64-linux-gnu/lib/../lib/:/home/anhtu/Downloads/ev_charger_ui/sysroot_frdm/lib/../lib/:/home/anhtu/Downloads/ev_charger_ui/sysroot_frdm/usr/lib/../lib/:/usr/lib/gcc-cross/aarch64-linux-gnu/11/../../../../aarch64-linux-gnu/lib/:/home/anhtu/Downloads/ev_charger_ui/sysroot_frdm/lib/:/home/anhtu/Downloads/ev_charger_ui/sysroot_frdm/usr/lib/
COLLECT_GCC_OPTIONS='-v' '-o' 'CMakeFiles/cmTC_07567.dir/CMakeCCompilerABI.c.o' '-c' '-mlittle-endian' '-mabi=lp64' '-dumpdir' 'CMakeFiles/cmTC_07567.dir/CMakeCCompilerABI.c.'
Linking C executable cmTC_07567
/usr/bin/cmake -E cmake_link_script CMakeFiles/cmTC_07567.dir/link.txt --verbose=1
/usr/bin/aarch64-linux-gnu-gcc --sysroot=/home/anhtu/Downloads/ev_charger_ui/sysroot_frdm -L/home/anhtu/Downloads/ev_charger_ui/sysroot_frdm/usr/lib -Wl,-rpath-link,/home/anhtu/Downloads/ev_charger_ui/sysroot_frdm/usr/lib -v CMakeFiles/cmTC_07567.dir/CMakeCCompilerABI.c.o -o cmTC_07567 
Using built-in specs.
COLLECT_GCC=/usr/bin/aarch64-linux-gnu-gcc
COLLECT_LTO_WRAPPER=/usr/lib/gcc-cross/aarch64-linux-gnu/11/lto-wrapper
Target: aarch64-linux-gnu
Configured with: ../src/configure -v --with-pkgversion='Ubuntu 11.4.0-1ubuntu1~22.04.3' --with-bugurl=file:///usr/share/doc/gcc-11/README.Bugs --enable-languages=c,ada,c++,go,d,fortran,objc,obj-c++,m2 --prefix=/usr --with-gcc-major-version-only --program-suffix=-11 --enable-shared --enable-linker-build-id --libexecdir=/usr/lib --without-included-gettext --enable-threads=posix --libdir=/usr/lib --enable-nls --with-sysroot=/ --enable-clocale=gnu --enable-libstdcxx-debug --enable-libstdcxx-time=yes --with-default-libstdcxx-abi=new --enable-gnu-unique-object --disable-libquadmath --disable-libquadmath-support --enable-plugin --enable-default-pie --with-system-zlib --enable-libphobos-checking=release --without-target-system-zlib --enable-multiarch --enable-fix-cortex-a53-843419 --disable-werror --enable-checking=release --build=x86_64-linux-gnu --host=x86_64-linux-gnu --target=aarch64-linux-gnu --program-prefix=aarch64-linux-gnu- --includedir=/usr/aarch64-linux-gnu/include --with-build-config=bootstrap-lto-lean --enable-link-serialization=2
Thread model: posix
Supported LTO compression algorithms: zlib zstd
gcc version 11.4.0 (Ubuntu 11.4.0-1ubuntu1~22.04.3) 
COMPILER_PATH=/usr/lib/gcc-cross/aarch64-linux-gnu/11/:/usr/lib/gcc-cross/aarch64-linux-gnu/11/:/usr/lib/gcc-cross/aarch64-linux-gnu/:/usr/lib/gcc-cross/aarch64-linux-gnu/11/:/usr/lib/gcc-cross/aarch64-linux-gnu/:/usr/lib/gcc-cross/aarch64-linux-gnu/11/../../../../aarch64-linux-gnu/bin/
LIBRARY_PATH=/usr/lib/gcc-cross/aarch64-linux-gnu/11/:/usr/lib/gcc-cross/aarch64-linux-gnu/11/../../../../aarch64-linux-gnu/lib/../lib/:/home/anhtu/Downloads/ev_charger_ui/sysroot_frdm/lib/../lib/:/home/anhtu/Downloads/ev_charger_ui/sysroot_frdm/usr/lib/../lib/:/usr/lib/gcc-cross/aarch64-linux-gnu/11/../../../../aarch64-linux-gnu/lib/:/home/anhtu/Downloads/ev_charger_ui/sysroot_frdm/lib/:/home/anhtu/Downloads/ev_charger_ui/sysroot_frdm/usr/lib/
COLLECT_GCC_OPTIONS='-L/home/anhtu/Downloads/ev_charger_ui/sysroot_frdm/usr/lib' '-v' '-o' 'cmTC_07567' '-mlittle-endian' '-mabi=lp64' '-dumpdir' 'cmTC_07567.'
 /usr/lib/gcc-cross/aarch64-linux-gnu/11/collect2 -plugin /usr/lib/gcc-cross/aarch64-linux-gnu/11/liblto_plugin.so -plugin-opt=/usr/lib/gcc-cross/aarch64-linux-gnu/11/lto-wrapper -plugin-opt=-fresolution=/tmp/cc0DygyQ.res -plugin-opt=-pass-through=-lgcc -plugin-opt=-pass-through=-lgcc_s -plugin-opt=-pass-through=-lc -plugin-opt=-pass-through=-lgcc -plugin-opt=-pass-through=-lgcc_s --sysroot=/home/anhtu/Downloads/ev_charger_ui/sysroot_frdm --build-id --eh-frame-hdr --hash-style=gnu --as-needed -dynamic-linker /lib/ld-linux-aarch64.so.1 -X -EL -maarch64linux --fix-cortex-a53-843419 -pie -z now -z relro -o cmTC_07567 /usr/lib/gcc-cross/aarch64-linux-gnu/11/../../../../aarch64-linux-gnu/lib/../lib/Scrt1.o /usr/lib/gcc-cross/aarch64-linux-gnu/11/../../../../aarch64-linux-gnu/lib/../lib/crti.o /usr/lib/gcc-cross/aarch64-linux-gnu/11/crtbeginS.o -L/home/anhtu/Downloads/ev_charger_ui/sysroot_frdm/usr/lib -L/usr/lib/gcc-cross/aarch64-linux-gnu/11 -L/usr/lib/gcc-cross/aarch64-linux-gnu/11/../../../../aarch64-linux-gnu/lib/../lib -L/home/anhtu/Downloads/ev_charger_ui/sysroot_frdm/lib/../lib -L/home/anhtu/Downloads/ev_charger_ui/sysroot_frdm/usr/lib/../lib -L/usr/lib/gcc-cross/aarch64-linux-gnu/11/../../../../aarch64-linux-gnu/lib -L/home/anhtu/Downloads/ev_charger_ui/sysroot_frdm/lib -L/home/anhtu/Downloads/ev_charger_ui/sysroot_frdm/usr/lib -rpath-link /home/anhtu/Downloads/ev_charger_ui/sysroot_frdm/usr/lib CMakeFiles/cmTC_07567.dir/CMakeCCompilerABI.c.o -lgcc --push-state --as-needed -lgcc_s --pop-state -lc -lgcc --push-state --as-needed -lgcc_s --pop-state /usr/lib/gcc-cross/aarch64-linux-gnu/11/crtendS.o /usr/lib/gcc-cross/aarch64-linux-gnu/11/../../../../aarch64-linux-gnu/lib/../lib/crtn.o
COLLECT_GCC_OPTIONS='-L/home/anhtu/Downloads/ev_charger_ui/sysroot_frdm/usr/lib' '-v' '-o' 'cmTC_07567' '-mlittle-endian' '-mabi=lp64' '-dumpdir' 'cmTC_07567.'
gmake[1]: Leaving directory '/home/anhtu/Downloads/ev_charger_ui/build-libocpp-frdm/CMakeFiles/CMakeTmp'



Parsed C implicit include dir info from above output: rv=done
  found start of include info
  found start of implicit include info
    add: [/usr/lib/gcc-cross/aarch64-linux-gnu/11/include]
    add: [/usr/lib/gcc-cross/aarch64-linux-gnu/11/../../../../aarch64-linux-gnu/include]
    add: [/home/anhtu/Downloads/ev_charger_ui/sysroot_frdm/usr/include]
  end of search list found
  collapse include dir [/usr/lib/gcc-cross/aarch64-linux-gnu/11/include] ==> [/usr/lib/gcc-cross/aarch64-linux-gnu/11/include]
  collapse include dir [/usr/lib/gcc-cross/aarch64-linux-gnu/11/../../../../aarch64-linux-gnu/include] ==> [/usr/aarch64-linux-gnu/include]
  collapse include dir [/home/anhtu/Downloads/ev_charger_ui/sysroot_frdm/usr/include] ==> [/home/anhtu/Downloads/ev_charger_ui/sysroot_frdm/usr/include]
  implicit include dirs: [/usr/lib/gcc-cross/aarch64-linux-gnu/11/include;/usr/aarch64-linux-gnu/include;/home/anhtu/Downloads/ev_charger_ui/sysroot_frdm/usr/include]


Parsed C implicit link information from above output:
  link line regex: [^( *|.*[/\])(aarch64-linux-gnu-ld|CMAKE_LINK_STARTFILE-NOTFOUND|([^/\]+-)?ld|collect2)[^/\]*( |$)]
  ignore line: [Change Dir: /home/anhtu/Downloads/ev_charger_ui/build-libocpp-frdm/CMakeFiles/CMakeTmp]
  ignore line: []
  ignore line: [Run Build Command(s):/usr/bin/gmake -f Makefile cmTC_07567/fast && /usr/bin/gmake  -f CMakeFiles/cmTC_07567.dir/build.make CMakeFiles/cmTC_07567.dir/build]
  ignore line: [gmake[1]: Entering directory '/home/anhtu/Downloads/ev_charger_ui/build-libocpp-frdm/CMakeFiles/CMakeTmp']
  ignore line: [Building C object CMakeFiles/cmTC_07567.dir/CMakeCCompilerABI.c.o]
  ignore line: [/usr/bin/aarch64-linux-gnu-gcc --sysroot=/home/anhtu/Downloads/ev_charger_ui/sysroot_frdm   -v -o CMakeFiles/cmTC_07567.dir/CMakeCCompilerABI.c.o -c /usr/share/cmake-3.22/Modules/CMakeCCompilerABI.c]
  ignore line: [Using built-in specs.]
  ignore line: [COLLECT_GCC=/usr/bin/aarch64-linux-gnu-gcc]
  ignore line: [Target: aarch64-linux-gnu]
  ignore line: [Configured with: ../src/configure -v --with-pkgversion='Ubuntu 11.4.0-1ubuntu1~22.04.3' --with-bugurl=file:///usr/share/doc/gcc-11/README.Bugs --enable-languages=c ada c++ go d fortran objc obj-c++ m2 --prefix=/usr --with-gcc-major-version-only --program-suffix=-11 --enable-shared --enable-linker-build-id --libexecdir=/usr/lib --without-included-gettext --enable-threads=posix --libdir=/usr/lib --enable-nls --with-sysroot=/ --enable-clocale=gnu --enable-libstdcxx-debug --enable-libstdcxx-time=yes --with-default-libstdcxx-abi=new --enable-gnu-unique-object --disable-libquadmath --disable-libquadmath-support --enable-plugin --enable-default-pie --with-system-zlib --enable-libphobos-checking=release --without-target-system-zlib --enable-multiarch --enable-fix-cortex-a53-843419 --disable-werror --enable-checking=release --build=x86_64-linux-gnu --host=x86_64-linux-gnu --target=aarch64-linux-gnu --program-prefix=aarch64-linux-gnu- --includedir=/usr/aarch64-linux-gnu/include --with-build-config=bootstrap-lto-lean --enable-link-serialization=2]
  ignore line: [Thread model: posix]
  ignore line: [Supported LTO compression algorithms: zlib zstd]
  ignore line: [gcc version 11.4.0 (Ubuntu 11.4.0-1ubuntu1~22.04.3) ]
  ignore line: [COLLECT_GCC_OPTIONS='-v' '-o' 'CMakeFiles/cmTC_07567.dir/CMakeCCompilerABI.c.o' '-c' '-mlittle-endian' '-mabi=lp64' '-dumpdir' 'CMakeFiles/cmTC_07567.dir/']
  ignore line: [ /usr/lib/gcc-cross/aarch64-linux-gnu/11/cc1 -quiet -v -imultiarch aarch64-linux-gnu -isysroot /home/anhtu/Downloads/ev_charger_ui/sysroot_frdm /usr/share/cmake-3.22/Modules/CMakeCCompilerABI.c -quiet -dumpdir CMakeFiles/cmTC_07567.dir/ -dumpbase CMakeCCompilerABI.c.c -dumpbase-ext .c -mlittle-endian -mabi=lp64 -version -fasynchronous-unwind-tables -fstack-protector-strong -Wformat -Wformat-security -fstack-clash-protection -o /tmp/cc70y44h.s]
  ignore line: [GNU C17 (Ubuntu 11.4.0-1ubuntu1~22.04.3) version 11.4.0 (aarch64-linux-gnu)]
  ignore line: [	compiled by GNU C version 11.4.0  GMP version 6.2.1  MPFR version 4.1.0  MPC version 1.2.1  isl version isl-0.24-GMP]
  ignore line: []
  ignore line: [GGC heuristics: --param ggc-min-expand=100 --param ggc-min-heapsize=131072]
  ignore line: [ignoring nonexistent directory "/home/anhtu/Downloads/ev_charger_ui/sysroot_frdm/usr/local/include/aarch64-linux-gnu"]
  ignore line: [ignoring nonexistent directory "/usr/lib/gcc-cross/aarch64-linux-gnu/11/include-fixed"]
  ignore line: [ignoring nonexistent directory "/home/anhtu/Downloads/ev_charger_ui/sysroot_frdm/usr/include/aarch64-linux-gnu"]
  ignore line: [#include "..." search starts here:]
  ignore line: [#include <...> search starts here:]
  ignore line: [ /usr/lib/gcc-cross/aarch64-linux-gnu/11/include]
  ignore line: [ /usr/lib/gcc-cross/aarch64-linux-gnu/11/../../../../aarch64-linux-gnu/include]
  ignore line: [ /home/anhtu/Downloads/ev_charger_ui/sysroot_frdm/usr/include]
  ignore line: [End of search list.]
  ignore line: [GNU C17 (Ubuntu 11.4.0-1ubuntu1~22.04.3) version 11.4.0 (aarch64-linux-gnu)]
  ignore line: [	compiled by GNU C version 11.4.0  GMP version 6.2.1  MPFR version 4.1.0  MPC version 1.2.1  isl version isl-0.24-GMP]
  ignore line: []
  ignore line: [GGC heuristics: --param ggc-min-expand=100 --param ggc-min-heapsize=131072]
  ignore line: [Compiler executable checksum: 2a6f833664a1d9b9ebcff0efa3d423b5]
  ignore line: [COLLECT_GCC_OPTIONS='-v' '-o' 'CMakeFiles/cmTC_07567.dir/CMakeCCompilerABI.c.o' '-c' '-mlittle-endian' '-mabi=lp64' '-dumpdir' 'CMakeFiles/cmTC_07567.dir/']
  ignore line: [ /usr/lib/gcc-cross/aarch64-linux-gnu/11/../../../../aarch64-linux-gnu/bin/as -v -EL -mabi=lp64 -o CMakeFiles/cmTC_07567.dir/CMakeCCompilerABI.c.o /tmp/cc70y44h.s]
  ignore line: [GNU assembler version 2.38 (aarch64-linux-gnu) using BFD version (GNU Binutils for Ubuntu) 2.38]
  ignore line: [COMPILER_PATH=/usr/lib/gcc-cross/aarch64-linux-gnu/11/:/usr/lib/gcc-cross/aarch64-linux-gnu/11/:/usr/lib/gcc-cross/aarch64-linux-gnu/:/usr/lib/gcc-cross/aarch64-linux-gnu/11/:/usr/lib/gcc-cross/aarch64-linux-gnu/:/usr/lib/gcc-cross/aarch64-linux-gnu/11/../../../../aarch64-linux-gnu/bin/]
  ignore line: [LIBRARY_PATH=/usr/lib/gcc-cross/aarch64-linux-gnu/11/:/usr/lib/gcc-cross/aarch64-linux-gnu/11/../../../../aarch64-linux-gnu/lib/../lib/:/home/anhtu/Downloads/ev_charger_ui/sysroot_frdm/lib/../lib/:/home/anhtu/Downloads/ev_charger_ui/sysroot_frdm/usr/lib/../lib/:/usr/lib/gcc-cross/aarch64-linux-gnu/11/../../../../aarch64-linux-gnu/lib/:/home/anhtu/Downloads/ev_charger_ui/sysroot_frdm/lib/:/home/anhtu/Downloads/ev_charger_ui/sysroot_frdm/usr/lib/]
  ignore line: [COLLECT_GCC_OPTIONS='-v' '-o' 'CMakeFiles/cmTC_07567.dir/CMakeCCompilerABI.c.o' '-c' '-mlittle-endian' '-mabi=lp64' '-dumpdir' 'CMakeFiles/cmTC_07567.dir/CMakeCCompilerABI.c.']
  ignore line: [Linking C executable cmTC_07567]
  ignore line: [/usr/bin/cmake -E cmake_link_script CMakeFiles/cmTC_07567.dir/link.txt --verbose=1]
  ignore line: [/usr/bin/aarch64-linux-gnu-gcc --sysroot=/home/anhtu/Downloads/ev_charger_ui/sysroot_frdm -L/home/anhtu/Downloads/ev_charger_ui/sysroot_frdm/usr/lib -Wl -rpath-link /home/anhtu/Downloads/ev_charger_ui/sysroot_frdm/usr/lib -v CMakeFiles/cmTC_07567.dir/CMakeCCompilerABI.c.o -o cmTC_07567 ]
  ignore line: [Using built-in specs.]
  ignore line: [COLLECT_GCC=/usr/bin/aarch64-linux-gnu-gcc]
  ignore line: [COLLECT_LTO_WRAPPER=/usr/lib/gcc-cross/aarch64-linux-gnu/11/lto-wrapper]
  ignore line: [Target: aarch64-linux-gnu]
  ignore line: [Configured with: ../src/configure -v --with-pkgversion='Ubuntu 11.4.0-1ubuntu1~22.04.3' --with-bugurl=file:///usr/share/doc/gcc-11/README.Bugs --enable-languages=c ada c++ go d fortran objc obj-c++ m2 --prefix=/usr --with-gcc-major-version-only --program-suffix=-11 --enable-shared --enable-linker-build-id --libexecdir=/usr/lib --without-included-gettext --enable-threads=posix --libdir=/usr/lib --enable-nls --with-sysroot=/ --enable-clocale=gnu --enable-libstdcxx-debug --enable-libstdcxx-time=yes --with-default-libstdcxx-abi=new --enable-gnu-unique-object --disable-libquadmath --disable-libquadmath-support --enable-plugin --enable-default-pie --with-system-zlib --enable-libphobos-checking=release --without-target-system-zlib --enable-multiarch --enable-fix-cortex-a53-843419 --disable-werror --enable-checking=release --build=x86_64-linux-gnu --host=x86_64-linux-gnu --target=aarch64-linux-gnu --program-prefix=aarch64-linux-gnu- --includedir=/usr/aarch64-linux-gnu/include --with-build-config=bootstrap-lto-lean --enable-link-serialization=2]
  ignore line: [Thread model: posix]
  ignore line: [Supported LTO compression algorithms: zlib zstd]
  ignore line: [gcc version 11.4.0 (Ubuntu 11.4.0-1ubuntu1~22.04.3) ]
  ignore line: [COMPILER_PATH=/usr/lib/gcc-cross/aarch64-linux-gnu/11/:/usr/lib/gcc-cross/aarch64-linux-gnu/11/:/usr/lib/gcc-cross/aarch64-linux-gnu/:/usr/lib/gcc-cross/aarch64-linux-gnu/11/:/usr/lib/gcc-cross/aarch64-linux-gnu/:/usr/lib/gcc-cross/aarch64-linux-gnu/11/../../../../aarch64-linux-gnu/bin/]
  ignore line: [LIBRARY_PATH=/usr/lib/gcc-cross/aarch64-linux-gnu/11/:/usr/lib/gcc-cross/aarch64-linux-gnu/11/../../../../aarch64-linux-gnu/lib/../lib/:/home/anhtu/Downloads/ev_charger_ui/sysroot_frdm/lib/../lib/:/home/anhtu/Downloads/ev_charger_ui/sysroot_frdm/usr/lib/../lib/:/usr/lib/gcc-cross/aarch64-linux-gnu/11/../../../../aarch64-linux-gnu/lib/:/home/anhtu/Downloads/ev_charger_ui/sysroot_frdm/lib/:/home/anhtu/Downloads/ev_charger_ui/sysroot_frdm/usr/lib/]
  ignore line: [COLLECT_GCC_OPTIONS='-L/home/anhtu/Downloads/ev_charger_ui/sysroot_frdm/usr/lib' '-v' '-o' 'cmTC_07567' '-mlittle-endian' '-mabi=lp64' '-dumpdir' 'cmTC_07567.']
  link line: [ /usr/lib/gcc-cross/aarch64-linux-gnu/11/collect2 -plugin /usr/lib/gcc-cross/aarch64-linux-gnu/11/liblto_plugin.so -plugin-opt=/usr/lib/gcc-cross/aarch64-linux-gnu/11/lto-wrapper -plugin-opt=-fresolution=/tmp/cc0DygyQ.res -plugin-opt=-pass-through=-lgcc -plugin-opt=-pass-through=-lgcc_s -plugin-opt=-pass-through=-lc -plugin-opt=-pass-through=-lgcc -plugin-opt=-pass-through=-lgcc_s --sysroot=/home/anhtu/Downloads/ev_charger_ui/sysroot_frdm --build-id --eh-frame-hdr --hash-style=gnu --as-needed -dynamic-linker /lib/ld-linux-aarch64.so.1 -X -EL -maarch64linux --fix-cortex-a53-843419 -pie -z now -z relro -o cmTC_07567 /usr/lib/gcc-cross/aarch64-linux-gnu/11/../../../../aarch64-linux-gnu/lib/../lib/Scrt1.o /usr/lib/gcc-cross/aarch64-linux-gnu/11/../../../../aarch64-linux-gnu/lib/../lib/crti.o /usr/lib/gcc-cross/aarch64-linux-gnu/11/crtbeginS.o -L/home/anhtu/Downloads/ev_charger_ui/sysroot_frdm/usr/lib -L/usr/lib/gcc-cross/aarch64-linux-gnu/11 -L/usr/lib/gcc-cross/aarch64-linux-gnu/11/../../../../aarch64-linux-gnu/lib/../lib -L/home/anhtu/Downloads/ev_charger_ui/sysroot_frdm/lib/../lib -L/home/anhtu/Downloads/ev_charger_ui/sysroot_frdm/usr/lib/../lib -L/usr/lib/gcc-cross/aarch64-linux-gnu/11/../../../../aarch64-linux-gnu/lib -L/home/anhtu/Downloads/ev_charger_ui/sysroot_frdm/lib -L/home/anhtu/Downloads/ev_charger_ui/sysroot_frdm/usr/lib -rpath-link /home/anhtu/Downloads/ev_charger_ui/sysroot_frdm/usr/lib CMakeFiles/cmTC_07567.dir/CMakeCCompilerABI.c.o -lgcc --push-state --as-needed -lgcc_s --pop-state -lc -lgcc --push-state --as-needed -lgcc_s --pop-state /usr/lib/gcc-cross/aarch64-linux-gnu/11/crtendS.o /usr/lib/gcc-cross/aarch64-linux-gnu/11/../../../../aarch64-linux-gnu/lib/../lib/crtn.o]
    arg [/usr/lib/gcc-cross/aarch64-linux-gnu/11/collect2] ==> ignore
    arg [-plugin] ==> ignore
    arg [/usr/lib/gcc-cross/aarch64-linux-gnu/11/liblto_plugin.so] ==> ignore
    arg [-plugin-opt=/usr/lib/gcc-cross/aarch64-linux-gnu/11/lto-wrapper] ==> ignore
    arg [-plugin-opt=-fresolution=/tmp/cc0DygyQ.res] ==> ignore
    arg [-plugin-opt=-pass-through=-lgcc] ==> ignore
    arg [-plugin-opt=-pass-through=-lgcc_s] ==> ignore
    arg [-plugin-opt=-pass-through=-lc] ==> ignore
    arg [-plugin-opt=-pass-through=-lgcc] ==> ignore
    arg [-plugin-opt=-pass-through=-lgcc_s] ==> ignore
    arg [--sysroot=/home/anhtu/Downloads/ev_charger_ui/sysroot_frdm] ==> ignore
    arg [--build-id] ==> ignore
    arg [--eh-frame-hdr] ==> ignore
    arg [--hash-style=gnu] ==> ignore
    arg [--as-needed] ==> ignore
    arg [-dynamic-linker] ==> ignore
    arg [/lib/ld-linux-aarch64.so.1] ==> ignore
    arg [-X] ==> ignore
    arg [-EL] ==> ignore
    arg [-maarch64linux] ==> ignore
    arg [--fix-cortex-a53-843419] ==> ignore
    arg [-pie] ==> ignore
    arg [-znow] ==> ignore
    arg [-zrelro] ==> ignore
    arg [-o] ==> ignore
    arg [cmTC_07567] ==> ignore
    arg [/usr/lib/gcc-cross/aarch64-linux-gnu/11/../../../../aarch64-linux-gnu/lib/../lib/Scrt1.o] ==> obj [/usr/lib/gcc-cross/aarch64-linux-gnu/11/../../../../aarch64-linux-gnu/lib/../lib/Scrt1.o]
    arg [/usr/lib/gcc-cross/aarch64-linux-gnu/11/../../../../aarch64-linux-gnu/lib/../lib/crti.o] ==> obj [/usr/lib/gcc-cross/aarch64-linux-gnu/11/../../../../aarch64-linux-gnu/lib/../lib/crti.o]
    arg [/usr/lib/gcc-cross/aarch64-linux-gnu/11/crtbeginS.o] ==> obj [/usr/lib/gcc-cross/aarch64-linux-gnu/11/crtbeginS.o]
    arg [-L/home/anhtu/Downloads/ev_charger_ui/sysroot_frdm/usr/lib] ==> dir [/home/anhtu/Downloads/ev_charger_ui/sysroot_frdm/usr/lib]
    arg [-L/usr/lib/gcc-cross/aarch64-linux-gnu/11] ==> dir [/usr/lib/gcc-cross/aarch64-linux-gnu/11]
    arg [-L/usr/lib/gcc-cross/aarch64-linux-gnu/11/../../../../aarch64-linux-gnu/lib/../lib] ==> dir [/usr/lib/gcc-cross/aarch64-linux-gnu/11/../../../../aarch64-linux-gnu/lib/../lib]
    arg [-L/home/anhtu/Downloads/ev_charger_ui/sysroot_frdm/lib/../lib] ==> dir [/home/anhtu/Downloads/ev_charger_ui/sysroot_frdm/lib/../lib]
    arg [-L/home/anhtu/Downloads/ev_charger_ui/sysroot_frdm/usr/lib/../lib] ==> dir [/home/anhtu/Downloads/ev_charger_ui/sysroot_frdm/usr/lib/../lib]
    arg [-L/usr/lib/gcc-cross/aarch64-linux-gnu/11/../../../../aarch64-linux-gnu/lib] ==> dir [/usr/lib/gcc-cross/aarch64-linux-gnu/11/../../../../aarch64-linux-gnu/lib]
    arg [-L/home/anhtu/Downloads/ev_charger_ui/sysroot_frdm/lib] ==> dir [/home/anhtu/Downloads/ev_charger_ui/sysroot_frdm/lib]
    arg [-L/home/anhtu/Downloads/ev_charger_ui/sysroot_frdm/usr/lib] ==> dir [/home/anhtu/Downloads/ev_charger_ui/sysroot_frdm/usr/lib]
    arg [-rpath-link] ==> ignore
    arg [/home/anhtu/Downloads/ev_charger_ui/sysroot_frdm/usr/lib] ==> ignore
    arg [CMakeFiles/cmTC_07567.dir/CMakeCCompilerABI.c.o] ==> ignore
    arg [-lgcc] ==> lib [gcc]
    arg [--push-state] ==> ignore
    arg [--as-needed] ==> ignore
    arg [-lgcc_s] ==> lib [gcc_s]
    arg [--pop-state] ==> ignore
    arg [-lc] ==> lib [c]
    arg [-lgcc] ==> lib [gcc]
    arg [--push-state] ==> ignore
    arg [--as-needed] ==> ignore
    arg [-lgcc_s] ==> lib [gcc_s]
    arg [--pop-state] ==> ignore
    arg [/usr/lib/gcc-cross/aarch64-linux-gnu/11/crtendS.o] ==> obj [/usr/lib/gcc-cross/aarch64-linux-gnu/11/crtendS.o]
    arg [/usr/lib/gcc-cross/aarch64-linux-gnu/11/../../../../aarch64-linux-gnu/lib/../lib/crtn.o] ==> obj [/usr/lib/gcc-cross/aarch64-linux-gnu/11/../../../../aarch64-linux-gnu/lib/../lib/crtn.o]
  collapse obj [/usr/lib/gcc-cross/aarch64-linux-gnu/11/../../../../aarch64-linux-gnu/lib/../lib/Scrt1.o] ==> [/usr/aarch64-linux-gnu/lib/Scrt1.o]
  collapse obj [/usr/lib/gcc-cross/aarch64-linux-gnu/11/../../../../aarch64-linux-gnu/lib/../lib/crti.o] ==> [/usr/aarch64-linux-gnu/lib/crti.o]
  collapse obj [/usr/lib/gcc-cross/aarch64-linux-gnu/11/../../../../aarch64-linux-gnu/lib/../lib/crtn.o] ==> [/usr/aarch64-linux-gnu/lib/crtn.o]
  collapse library dir [/home/anhtu/Downloads/ev_charger_ui/sysroot_frdm/usr/lib] ==> [/home/anhtu/Downloads/ev_charger_ui/sysroot_frdm/usr/lib]
  collapse library dir [/usr/lib/gcc-cross/aarch64-linux-gnu/11] ==> [/usr/lib/gcc-cross/aarch64-linux-gnu/11]
  collapse library dir [/usr/lib/gcc-cross/aarch64-linux-gnu/11/../../../../aarch64-linux-gnu/lib/../lib] ==> [/usr/aarch64-linux-gnu/lib]
  collapse library dir [/home/anhtu/Downloads/ev_charger_ui/sysroot_frdm/lib/../lib] ==> [/home/anhtu/Downloads/ev_charger_ui/sysroot_frdm/lib]
  collapse library dir [/home/anhtu/Downloads/ev_charger_ui/sysroot_frdm/usr/lib/../lib] ==> [/home/anhtu/Downloads/ev_charger_ui/sysroot_frdm/usr/lib]
  collapse library dir [/usr/lib/gcc-cross/aarch64-linux-gnu/11/../../../../aarch64-linux-gnu/lib] ==> [/usr/aarch64-linux-gnu/lib]
  collapse library dir [/home/anhtu/Downloads/ev_charger_ui/sysroot_frdm/lib] ==> [/home/anhtu/Downloads/ev_charger_ui/sysroot_frdm/lib]
  collapse library dir [/home/anhtu/Downloads/ev_charger_ui/sysroot_frdm/usr/lib] ==> [/home/anhtu/Downloads/ev_charger_ui/sysroot_frdm/usr/lib]
  implicit libs: [gcc;gcc_s;c;gcc;gcc_s]
  implicit objs: [/usr/aarch64-linux-gnu/lib/Scrt1.o;/usr/aarch64-linux-gnu/lib/crti.o;/usr/lib/gcc-cross/aarch64-linux-gnu/11/crtbeginS.o;/usr/lib/gcc-cross/aarch64-linux-gnu/11/crtendS.o;/usr/aarch64-linux-gnu/lib/crtn.o]
  implicit dirs: [/home/anhtu/Downloads/ev_charger_ui/sysroot_frdm/usr/lib;/usr/lib/gcc-cross/aarch64-linux-gnu/11;/usr/aarch64-linux-gnu/lib;/home/anhtu/Downloads/ev_charger_ui/sysroot_frdm/lib]
  implicit fwks: []


Performing C SOURCE FILE Test LWS_HAVE_inline succeeded with the following output:
Change Dir: /home/anhtu/Downloads/ev_charger_ui/build-libocpp-frdm/CMakeFiles/CMakeTmp

Run Build Command(s):/usr/bin/gmake -f Makefile cmTC_08b77/fast && /usr/bin/gmake  -f CMakeFiles/cmTC_08b77.dir/build.make CMakeFiles/cmTC_08b77.dir/build
gmake[1]: Entering directory '/home/anhtu/Downloads/ev_charger_ui/build-libocpp-frdm/CMakeFiles/CMakeTmp'
Building C object CMakeFiles/cmTC_08b77.dir/src.c.o
/usr/bin/aarch64-linux-gnu-gcc --sysroot=/home/anhtu/Downloads/ev_charger_ui/sysroot_frdm -DKEYWORD=inline -DLWS_HAVE_inline   -o CMakeFiles/cmTC_08b77.dir/src.c.o -c /home/anhtu/Downloads/ev_charger_ui/build-libocpp-frdm/CMakeFiles/CMakeTmp/src.c
Linking C executable cmTC_08b77
/usr/bin/cmake -E cmake_link_script CMakeFiles/cmTC_08b77.dir/link.txt --verbose=1
/usr/bin/aarch64-linux-gnu-gcc --sysroot=/home/anhtu/Downloads/ev_charger_ui/sysroot_frdm -L/home/anhtu/Downloads/ev_charger_ui/sysroot_frdm/usr/lib -Wl,-rpath-link,/home/anhtu/Downloads/ev_charger_ui/sysroot_frdm/usr/lib  CMakeFiles/cmTC_08b77.dir/src.c.o -o cmTC_08b77 
gmake[1]: Leaving directory '/home/anhtu/Downloads/ev_charger_ui/build-libocpp-frdm/CMakeFiles/CMakeTmp'


Source file was:

		#include <stdio.h>
		static KEYWORD void a() {}
		int main(int argc, char **argv) { a(); return 0; }
		
Performing C SOURCE FILE Test LWS_HAVE___inline__ succeeded with the following output:
Change Dir: /home/anhtu/Downloads/ev_charger_ui/build-libocpp-frdm/CMakeFiles/CMakeTmp

Run Build Command(s):/usr/bin/gmake -f Makefile cmTC_4865f/fast && /usr/bin/gmake  -f CMakeFiles/cmTC_4865f.dir/build.make CMakeFiles/cmTC_4865f.dir/build
gmake[1]: Entering directory '/home/anhtu/Downloads/ev_charger_ui/build-libocpp-frdm/CMakeFiles/CMakeTmp'
Building C object CMakeFiles/cmTC_4865f.dir/src.c.o
/usr/bin/aarch64-linux-gnu-gcc --sysroot=/home/anhtu/Downloads/ev_charger_ui/sysroot_frdm -DKEYWORD=__inline__ -DLWS_HAVE___inline__   -o CMakeFiles/cmTC_4865f.dir/src.c.o -c /home/anhtu/Downloads/ev_charger_ui/build-libocpp-frdm/CMakeFiles/CMakeTmp/src.c
Linking C executable cmTC_4865f
/usr/bin/cmake -E cmake_link_script CMakeFiles/cmTC_4865f.dir/link.txt --verbose=1
/usr/bin/aarch64-linux-gnu-gcc --sysroot=/home/anhtu/Downloads/ev_charger_ui/sysroot_frdm -L/home/anhtu/Downloads/ev_charger_ui/sysroot_frdm/usr/lib -Wl,-rpath-link,/home/anhtu/Downloads/ev_charger_ui/sysroot_frdm/usr/lib  CMakeFiles/cmTC_4865f.dir/src.c.o -o cmTC_4865f 
gmake[1]: Leaving directory '/home/anhtu/Downloads/ev_charger_ui/build-libocpp-frdm/CMakeFiles/CMakeTmp'


Source file was:

		#include <stdio.h>
		static KEYWORD void a() {}
		int main(int argc, char **argv) { a(); return 0; }
		
Performing C SOURCE FILE Test LWS_HAVE___inline succeeded with the following output:
Change Dir: /home/anhtu/Downloads/ev_charger_ui/build-libocpp-frdm/CMakeFiles/CMakeTmp

Run Build Command(s):/usr/bin/gmake -f Makefile cmTC_8aa6c/fast && /usr/bin/gmake  -f CMakeFiles/cmTC_8aa6c.dir/build.make CMakeFiles/cmTC_8aa6c.dir/build
gmake[1]: Entering directory '/home/anhtu/Downloads/ev_charger_ui/build-libocpp-frdm/CMakeFiles/CMakeTmp'
Building C object CMakeFiles/cmTC_8aa6c.dir/src.c.o
/usr/bin/aarch64-linux-gnu-gcc --sysroot=/home/anhtu/Downloads/ev_charger_ui/sysroot_frdm -DKEYWORD=__inline -DLWS_HAVE___inline   -o CMakeFiles/cmTC_8aa6c.dir/src.c.o -c /home/anhtu/Downloads/ev_charger_ui/build-libocpp-frdm/CMakeFiles/CMakeTmp/src.c
Linking C executable cmTC_8aa6c
/usr/bin/cmake -E cmake_link_script CMakeFiles/cmTC_8aa6c.dir/link.txt --verbose=1
/usr/bin/aarch64-linux-gnu-gcc --sysroot=/home/anhtu/Downloads/ev_charger_ui/sysroot_frdm -L/home/anhtu/Downloads/ev_charger_ui/sysroot_frdm/usr/lib -Wl,-rpath-link,/home/anhtu/Downloads/ev_charger_ui/sysroot_frdm/usr/lib  CMakeFiles/cmTC_8aa6c.dir/src.c.o -o cmTC_8aa6c 
gmake[1]: Leaving directory '/home/anhtu/Downloads/ev_charger_ui/build-libocpp-frdm/CMakeFiles/CMakeTmp'


Source file was:

		#include <stdio.h>
		static KEYWORD void a() {}
		int main(int argc, char **argv) { a(); return 0; }
		
Performing C SOURCE FILE Test LWS_HAVE_MALLOC_TRIM succeeded with the following output:
Change Dir: /home/anhtu/Downloads/ev_charger_ui/build-libocpp-frdm/CMakeFiles/CMakeTmp

Run Build Command(s):/usr/bin/gmake -f Makefile cmTC_bf0a1/fast && /usr/bin/gmake  -f CMakeFiles/cmTC_bf0a1.dir/build.make CMakeFiles/cmTC_bf0a1.dir/build
gmake[1]: Entering directory '/home/anhtu/Downloads/ev_charger_ui/build-libocpp-frdm/CMakeFiles/CMakeTmp'
Building C object CMakeFiles/cmTC_bf0a1.dir/src.c.o
/usr/bin/aarch64-linux-gnu-gcc --sysroot=/home/anhtu/Downloads/ev_charger_ui/sysroot_frdm -DKEYWORD=__inline -DLWS_HAVE_MALLOC_TRIM   -o CMakeFiles/cmTC_bf0a1.dir/src.c.o -c /home/anhtu/Downloads/ev_charger_ui/build-libocpp-frdm/CMakeFiles/CMakeTmp/src.c
Linking C executable cmTC_bf0a1
/usr/bin/cmake -E cmake_link_script CMakeFiles/cmTC_bf0a1.dir/link.txt --verbose=1
/usr/bin/aarch64-linux-gnu-gcc --sysroot=/home/anhtu/Downloads/ev_charger_ui/sysroot_frdm -L/home/anhtu/Downloads/ev_charger_ui/sysroot_frdm/usr/lib -Wl,-rpath-link,/home/anhtu/Downloads/ev_charger_ui/sysroot_frdm/usr/lib  CMakeFiles/cmTC_bf0a1.dir/src.c.o -o cmTC_bf0a1 
gmake[1]: Leaving directory '/home/anhtu/Downloads/ev_charger_ui/build-libocpp-frdm/CMakeFiles/CMakeTmp'


Source file was:
#include <malloc.h>
	int main(int argc, char **argv) { return malloc_trim(0); }
	
Performing C SOURCE FILE Test LWS_HAVE_MALLOC_USABLE_SIZE succeeded with the following output:
Change Dir: /home/anhtu/Downloads/ev_charger_ui/build-libocpp-frdm/CMakeFiles/CMakeTmp

Run Build Command(s):/usr/bin/gmake -f Makefile cmTC_c7cd0/fast && /usr/bin/gmake  -f CMakeFiles/cmTC_c7cd0.dir/build.make CMakeFiles/cmTC_c7cd0.dir/build
gmake[1]: Entering directory '/home/anhtu/Downloads/ev_charger_ui/build-libocpp-frdm/CMakeFiles/CMakeTmp'
Building C object CMakeFiles/cmTC_c7cd0.dir/src.c.o
/usr/bin/aarch64-linux-gnu-gcc --sysroot=/home/anhtu/Downloads/ev_charger_ui/sysroot_frdm -DKEYWORD=__inline -DLWS_HAVE_MALLOC_USABLE_SIZE   -o CMakeFiles/cmTC_c7cd0.dir/src.c.o -c /home/anhtu/Downloads/ev_charger_ui/build-libocpp-frdm/CMakeFiles/CMakeTmp/src.c
Linking C executable cmTC_c7cd0
/usr/bin/cmake -E cmake_link_script CMakeFiles/cmTC_c7cd0.dir/link.txt --verbose=1
/usr/bin/aarch64-linux-gnu-gcc --sysroot=/home/anhtu/Downloads/ev_charger_ui/sysroot_frdm -L/home/anhtu/Downloads/ev_charger_ui/sysroot_frdm/usr/lib -Wl,-rpath-link,/home/anhtu/Downloads/ev_charger_ui/sysroot_frdm/usr/lib  CMakeFiles/cmTC_c7cd0.dir/src.c.o -o cmTC_c7cd0 
gmake[1]: Leaving directory '/home/anhtu/Downloads/ev_charger_ui/build-libocpp-frdm/CMakeFiles/CMakeTmp'


Source file was:
#include <malloc.h>
	int main(int argc, char **argv) { return (int)malloc_usable_size((void *)0); }
	
Determining if the function fork exists passed with the following output:
Change Dir: /home/anhtu/Downloads/ev_charger_ui/build-libocpp-frdm/CMakeFiles/CMakeTmp

Run Build Command(s):/usr/bin/gmake -f Makefile cmTC_8f82a/fast && /usr/bin/gmake  -f CMakeFiles/cmTC_8f82a.dir/build.make CMakeFiles/cmTC_8f82a.dir/build
gmake[1]: Entering directory '/home/anhtu/Downloads/ev_charger_ui/build-libocpp-frdm/CMakeFiles/CMakeTmp'
Building C object CMakeFiles/cmTC_8f82a.dir/CheckFunctionExists.c.o
/usr/bin/aarch64-linux-gnu-gcc --sysroot=/home/anhtu/Downloads/ev_charger_ui/sysroot_frdm -DKEYWORD=__inline  -DCHECK_FUNCTION_EXISTS=fork -o CMakeFiles/cmTC_8f82a.dir/CheckFunctionExists.c.o -c /usr/share/cmake-3.22/Modules/CheckFunctionExists.c
<command-line>: warning: conflicting types for built-in function ‘fork’; expected ‘int(void)’ [-Wbuiltin-declaration-mismatch]
/usr/share/cmake-3.22/Modules/CheckFunctionExists.c:7:3: note: in expansion of macro ‘CHECK_FUNCTION_EXISTS’
    7 |   CHECK_FUNCTION_EXISTS(void);
      |   ^~~~~~~~~~~~~~~~~~~~~
Linking C executable cmTC_8f82a
/usr/bin/cmake -E cmake_link_script CMakeFiles/cmTC_8f82a.dir/link.txt --verbose=1
/usr/bin/aarch64-linux-gnu-gcc --sysroot=/home/anhtu/Downloads/ev_charger_ui/sysroot_frdm  -DCHECK_FUNCTION_EXISTS=fork -L/home/anhtu/Downloads/ev_charger_ui/sysroot_frdm/usr/lib -Wl,-rpath-link,/home/anhtu/Downloads/ev_charger_ui/sysroot_frdm/usr/lib  CMakeFiles/cmTC_8f82a.dir/CheckFunctionExists.c.o -o cmTC_8f82a 
gmake[1]: Leaving directory '/home/anhtu/Downloads/ev_charger_ui/build-libocpp-frdm/CMakeFiles/CMakeTmp'



Determining if the function getenv exists passed with the following output:
Change Dir: /home/anhtu/Downloads/ev_charger_ui/build-libocpp-frdm/CMakeFiles/CMakeTmp

Run Build Command(s):/usr/bin/gmake -f Makefile cmTC_9c096/fast && /usr/bin/gmake  -f CMakeFiles/cmTC_9c096.dir/build.make CMakeFiles/cmTC_9c096.dir/build
gmake[1]: Entering directory '/home/anhtu/Downloads/ev_charger_ui/build-libocpp-frdm/CMakeFiles/CMakeTmp'
Building C object CMakeFiles/cmTC_9c096.dir/CheckFunctionExists.c.o
/usr/bin/aarch64-linux-gnu-gcc --sysroot=/home/anhtu/Downloads/ev_charger_ui/sysroot_frdm -DKEYWORD=__inline  -DCHECK_FUNCTION_EXISTS=getenv -o CMakeFiles/cmTC_9c096.dir/CheckFunctionExists.c.o -c /usr/share/cmake-3.22/Modules/CheckFunctionExists.c
Linking C executable cmTC_9c096
/usr/bin/cmake -E cmake_link_script CMakeFiles/cmTC_9c096.dir/link.txt --verbose=1
/usr/bin/aarch64-linux-gnu-gcc --sysroot=/home/anhtu/Downloads/ev_charger_ui/sysroot_frdm  -DCHECK_FUNCTION_EXISTS=getenv -L/home/anhtu/Downloads/ev_charger_ui/sysroot_frdm/usr/lib -Wl,-rpath-link,/home/anhtu/Downloads/ev_charger_ui/sysroot_frdm/usr/lib  CMakeFiles/cmTC_9c096.dir/CheckFunctionExists.c.o -o cmTC_9c096 
gmake[1]: Leaving directory '/home/anhtu/Downloads/ev_charger_ui/build-libocpp-frdm/CMakeFiles/CMakeTmp'



Determining if the function malloc exists passed with the following output:
Change Dir: /home/anhtu/Downloads/ev_charger_ui/build-libocpp-frdm/CMakeFiles/CMakeTmp

Run Build Command(s):/usr/bin/gmake -f Makefile cmTC_29868/fast && /usr/bin/gmake  -f CMakeFiles/cmTC_29868.dir/build.make CMakeFiles/cmTC_29868.dir/build
gmake[1]: Entering directory '/home/anhtu/Downloads/ev_charger_ui/build-libocpp-frdm/CMakeFiles/CMakeTmp'
Building C object CMakeFiles/cmTC_29868.dir/CheckFunctionExists.c.o
/usr/bin/aarch64-linux-gnu-gcc --sysroot=/home/anhtu/Downloads/ev_charger_ui/sysroot_frdm -DKEYWORD=__inline  -DCHECK_FUNCTION_EXISTS=malloc -o CMakeFiles/cmTC_29868.dir/CheckFunctionExists.c.o -c /usr/share/cmake-3.22/Modules/CheckFunctionExists.c
<command-line>: warning: conflicting types for built-in function ‘malloc’; expected ‘void *(long unsigned int)’ [-Wbuiltin-declaration-mismatch]
/usr/share/cmake-3.22/Modules/CheckFunctionExists.c:7:3: note: in expansion of macro ‘CHECK_FUNCTION_EXISTS’
    7 |   CHECK_FUNCTION_EXISTS(void);
      |   ^~~~~~~~~~~~~~~~~~~~~
/usr/share/cmake-3.22/Modules/CheckFunctionExists.c:1:1: note: ‘malloc’ is declared in header ‘<stdlib.h>’
  +++ |+#include <stdlib.h>
    1 | #ifdef CHECK_FUNCTION_EXISTS
Linking C executable cmTC_29868
/usr/bin/cmake -E cmake_link_script CMakeFiles/cmTC_29868.dir/link.txt --verbose=1
/usr/bin/aarch64-linux-gnu-gcc --sysroot=/home/anhtu/Downloads/ev_charger_ui/sysroot_frdm  -DCHECK_FUNCTION_EXISTS=malloc -L/home/anhtu/Downloads/ev_charger_ui/sysroot_frdm/usr/lib -Wl,-rpath-link,/home/anhtu/Downloads/ev_charger_ui/sysroot_frdm/usr/lib  CMakeFiles/cmTC_29868.dir/CheckFunctionExists.c.o -o cmTC_29868 
gmake[1]: Leaving directory '/home/anhtu/Downloads/ev_charger_ui/build-libocpp-frdm/CMakeFiles/CMakeTmp'



Determining if the function memset exists passed with the following output:
Change Dir: /home/anhtu/Downloads/ev_charger_ui/build-libocpp-frdm/CMakeFiles/CMakeTmp

Run Build Command(s):/usr/bin/gmake -f Makefile cmTC_20e03/fast && /usr/bin/gmake  -f CMakeFiles/cmTC_20e03.dir/build.make CMakeFiles/cmTC_20e03.dir/build
gmake[1]: Entering directory '/home/anhtu/Downloads/ev_charger_ui/build-libocpp-frdm/CMakeFiles/CMakeTmp'
Building C object CMakeFiles/cmTC_20e03.dir/CheckFunctionExists.c.o
/usr/bin/aarch64-linux-gnu-gcc --sysroot=/home/anhtu/Downloads/ev_charger_ui/sysroot_frdm -DKEYWORD=__inline  -DCHECK_FUNCTION_EXISTS=memset -o CMakeFiles/cmTC_20e03.dir/CheckFunctionExists.c.o -c /usr/share/cmake-3.22/Modules/CheckFunctionExists.c
<command-line>: warning: conflicting types for built-in function ‘memset’; expected ‘void *(void *, int,  long unsigned int)’ [-Wbuiltin-declaration-mismatch]
/usr/share/cmake-3.22/Modules/CheckFunctionExists.c:7:3: note: in expansion of macro ‘CHECK_FUNCTION_EXISTS’
    7 |   CHECK_FUNCTION_EXISTS(void);
      |   ^~~~~~~~~~~~~~~~~~~~~
/usr/share/cmake-3.22/Modules/CheckFunctionExists.c:1:1: note: ‘memset’ is declared in header ‘<string.h>’
  +++ |+#include <string.h>
    1 | #ifdef CHECK_FUNCTION_EXISTS
Linking C executable cmTC_20e03
/usr/bin/cmake -E cmake_link_script CMakeFiles/cmTC_20e03.dir/link.txt --verbose=1
/usr/bin/aarch64-linux-gnu-gcc --sysroot=/home/anhtu/Downloads/ev_charger_ui/sysroot_frdm  -DCHECK_FUNCTION_EXISTS=memset -L/home/anhtu/Downloads/ev_charger_ui/sysroot_frdm/usr/lib -Wl,-rpath-link,/home/anhtu/Downloads/ev_charger_ui/sysroot_frdm/usr/lib  CMakeFiles/cmTC_20e03.dir/CheckFunctionExists.c.o -o cmTC_20e03 
gmake[1]: Leaving directory '/home/anhtu/Downloads/ev_charger_ui/build-libocpp-frdm/CMakeFiles/CMakeTmp'



Determining if the function realloc exists passed with the following output:
Change Dir: /home/anhtu/Downloads/ev_charger_ui/build-libocpp-frdm/CMakeFiles/CMakeTmp

Run Build Command(s):/usr/bin/gmake -f Makefile cmTC_ee8ca/fast && /usr/bin/gmake  -f CMakeFiles/cmTC_ee8ca.dir/build.make CMakeFiles/cmTC_ee8ca.dir/build
gmake[1]: Entering directory '/home/anhtu/Downloads/ev_charger_ui/build-libocpp-frdm/CMakeFiles/CMakeTmp'
Building C object CMakeFiles/cmTC_ee8ca.dir/CheckFunctionExists.c.o
/usr/bin/aarch64-linux-gnu-gcc --sysroot=/home/anhtu/Downloads/ev_charger_ui/sysroot_frdm -DKEYWORD=__inline  -DCHECK_FUNCTION_EXISTS=realloc -o CMakeFiles/cmTC_ee8ca.dir/CheckFunctionExists.c.o -c /usr/share/cmake-3.22/Modules/CheckFunctionExists.c
<command-line>: warning: conflicting types for built-in function ‘realloc’; expected ‘void *(void *, long unsigned int)’ [-Wbuiltin-declaration-mismatch]
/usr/share/cmake-3.22/Modules/CheckFunctionExists.c:7:3: note: in expansion of macro ‘CHECK_FUNCTION_EXISTS’
    7 |   CHECK_FUNCTION_EXISTS(void);
      |   ^~~~~~~~~~~~~~~~~~~~~
/usr/share/cmake-3.22/Modules/CheckFunctionExists.c:1:1: note: ‘realloc’ is declared in header ‘<stdlib.h>’
  +++ |+#include <stdlib.h>
    1 | #ifdef CHECK_FUNCTION_EXISTS
Linking C executable cmTC_ee8ca
/usr/bin/cmake -E cmake_link_script CMakeFiles/cmTC_ee8ca.dir/link.txt --verbose=1
/usr/bin/aarch64-linux-gnu-gcc --sysroot=/home/anhtu/Downloads/ev_charger_ui/sysroot_frdm  -DCHECK_FUNCTION_EXISTS=realloc -L/home/anhtu/Downloads/ev_charger_ui/sysroot_frdm/usr/lib -Wl,-rpath-link,/home/anhtu/Downloads/ev_charger_ui/sysroot_frdm/usr/lib  CMakeFiles/cmTC_ee8ca.dir/CheckFunctionExists.c.o -o cmTC_ee8ca 
gmake[1]: Leaving directory '/home/anhtu/Downloads/ev_charger_ui/build-libocpp-frdm/CMakeFiles/CMakeTmp'



Determining if the function socket exists passed with the following output:
Change Dir: /home/anhtu/Downloads/ev_charger_ui/build-libocpp-frdm/CMakeFiles/CMakeTmp

Run Build Command(s):/usr/bin/gmake -f Makefile cmTC_5abaf/fast && /usr/bin/gmake  -f CMakeFiles/cmTC_5abaf.dir/build.make CMakeFiles/cmTC_5abaf.dir/build
gmake[1]: Entering directory '/home/anhtu/Downloads/ev_charger_ui/build-libocpp-frdm/CMakeFiles/CMakeTmp'
Building C object CMakeFiles/cmTC_5abaf.dir/CheckFunctionExists.c.o
/usr/bin/aarch64-linux-gnu-gcc --sysroot=/home/anhtu/Downloads/ev_charger_ui/sysroot_frdm -DKEYWORD=__inline  -DCHECK_FUNCTION_EXISTS=socket -o CMakeFiles/cmTC_5abaf.dir/CheckFunctionExists.c.o -c /usr/share/cmake-3.22/Modules/CheckFunctionExists.c
Linking C executable cmTC_5abaf
/usr/bin/cmake -E cmake_link_script CMakeFiles/cmTC_5abaf.dir/link.txt --verbose=1
/usr/bin/aarch64-linux-gnu-gcc --sysroot=/home/anhtu/Downloads/ev_charger_ui/sysroot_frdm  -DCHECK_FUNCTION_EXISTS=socket -L/home/anhtu/Downloads/ev_charger_ui/sysroot_frdm/usr/lib -Wl,-rpath-link,/home/anhtu/Downloads/ev_charger_ui/sysroot_frdm/usr/lib  CMakeFiles/cmTC_5abaf.dir/CheckFunctionExists.c.o -o cmTC_5abaf 
gmake[1]: Leaving directory '/home/anhtu/Downloads/ev_charger_ui/build-libocpp-frdm/CMakeFiles/CMakeTmp'



Determining if the function strerror exists passed with the following output:
Change Dir: /home/anhtu/Downloads/ev_charger_ui/build-libocpp-frdm/CMakeFiles/CMakeTmp

Run Build Command(s):/usr/bin/gmake -f Makefile cmTC_2d3c0/fast && /usr/bin/gmake  -f CMakeFiles/cmTC_2d3c0.dir/build.make CMakeFiles/cmTC_2d3c0.dir/build
gmake[1]: Entering directory '/home/anhtu/Downloads/ev_charger_ui/build-libocpp-frdm/CMakeFiles/CMakeTmp'
Building C object CMakeFiles/cmTC_2d3c0.dir/CheckFunctionExists.c.o
/usr/bin/aarch64-linux-gnu-gcc --sysroot=/home/anhtu/Downloads/ev_charger_ui/sysroot_frdm -DKEYWORD=__inline  -DCHECK_FUNCTION_EXISTS=strerror -o CMakeFiles/cmTC_2d3c0.dir/CheckFunctionExists.c.o -c /usr/share/cmake-3.22/Modules/CheckFunctionExists.c
Linking C executable cmTC_2d3c0
/usr/bin/cmake -E cmake_link_script CMakeFiles/cmTC_2d3c0.dir/link.txt --verbose=1
/usr/bin/aarch64-linux-gnu-gcc --sysroot=/home/anhtu/Downloads/ev_charger_ui/sysroot_frdm  -DCHECK_FUNCTION_EXISTS=strerror -L/home/anhtu/Downloads/ev_charger_ui/sysroot_frdm/usr/lib -Wl,-rpath-link,/home/anhtu/Downloads/ev_charger_ui/sysroot_frdm/usr/lib  CMakeFiles/cmTC_2d3c0.dir/CheckFunctionExists.c.o -o cmTC_2d3c0 
gmake[1]: Leaving directory '/home/anhtu/Downloads/ev_charger_ui/build-libocpp-frdm/CMakeFiles/CMakeTmp'



Determining if the function vfork exists passed with the following output:
Change Dir: /home/anhtu/Downloads/ev_charger_ui/build-libocpp-frdm/CMakeFiles/CMakeTmp

Run Build Command(s):/usr/bin/gmake -f Makefile cmTC_2c8e5/fast && /usr/bin/gmake  -f CMakeFiles/cmTC_2c8e5.dir/build.make CMakeFiles/cmTC_2c8e5.dir/build
gmake[1]: Entering directory '/home/anhtu/Downloads/ev_charger_ui/build-libocpp-frdm/CMakeFiles/CMakeTmp'
Building C object CMakeFiles/cmTC_2c8e5.dir/CheckFunctionExists.c.o
/usr/bin/aarch64-linux-gnu-gcc --sysroot=/home/anhtu/Downloads/ev_charger_ui/sysroot_frdm -DKEYWORD=__inline  -DCHECK_FUNCTION_EXISTS=vfork -o CMakeFiles/cmTC_2c8e5.dir/CheckFunctionExists.c.o -c /usr/share/cmake-3.22/Modules/CheckFunctionExists.c
Linking C executable cmTC_2c8e5
/usr/bin/cmake -E cmake_link_script CMakeFiles/cmTC_2c8e5.dir/link.txt --verbose=1
/usr/bin/aarch64-linux-gnu-gcc --sysroot=/home/anhtu/Downloads/ev_charger_ui/sysroot_frdm  -DCHECK_FUNCTION_EXISTS=vfork -L/home/anhtu/Downloads/ev_charger_ui/sysroot_frdm/usr/lib -Wl,-rpath-link,/home/anhtu/Downloads/ev_charger_ui/sysroot_frdm/usr/lib  CMakeFiles/cmTC_2c8e5.dir/CheckFunctionExists.c.o -o cmTC_2c8e5 
gmake[1]: Leaving directory '/home/anhtu/Downloads/ev_charger_ui/build-libocpp-frdm/CMakeFiles/CMakeTmp'



Determining if the function execvpe exists passed with the following output:
Change Dir: /home/anhtu/Downloads/ev_charger_ui/build-libocpp-frdm/CMakeFiles/CMakeTmp

Run Build Command(s):/usr/bin/gmake -f Makefile cmTC_7fd8e/fast && /usr/bin/gmake  -f CMakeFiles/cmTC_7fd8e.dir/build.make CMakeFiles/cmTC_7fd8e.dir/build
gmake[1]: Entering directory '/home/anhtu/Downloads/ev_charger_ui/build-libocpp-frdm/CMakeFiles/CMakeTmp'
Building C object CMakeFiles/cmTC_7fd8e.dir/CheckFunctionExists.c.o
/usr/bin/aarch64-linux-gnu-gcc --sysroot=/home/anhtu/Downloads/ev_charger_ui/sysroot_frdm -DKEYWORD=__inline  -DCHECK_FUNCTION_EXISTS=execvpe -o CMakeFiles/cmTC_7fd8e.dir/CheckFunctionExists.c.o -c /usr/share/cmake-3.22/Modules/CheckFunctionExists.c
Linking C executable cmTC_7fd8e
/usr/bin/cmake -E cmake_link_script CMakeFiles/cmTC_7fd8e.dir/link.txt --verbose=1
/usr/bin/aarch64-linux-gnu-gcc --sysroot=/home/anhtu/Downloads/ev_charger_ui/sysroot_frdm  -DCHECK_FUNCTION_EXISTS=execvpe -L/home/anhtu/Downloads/ev_charger_ui/sysroot_frdm/usr/lib -Wl,-rpath-link,/home/anhtu/Downloads/ev_charger_ui/sysroot_frdm/usr/lib  CMakeFiles/cmTC_7fd8e.dir/CheckFunctionExists.c.o -o cmTC_7fd8e 
gmake[1]: Leaving directory '/home/anhtu/Downloads/ev_charger_ui/build-libocpp-frdm/CMakeFiles/CMakeTmp'



Determining if the function getifaddrs exists passed with the following output:
Change Dir: /home/anhtu/Downloads/ev_charger_ui/build-libocpp-frdm/CMakeFiles/CMakeTmp

Run Build Command(s):/usr/bin/gmake -f Makefile cmTC_5fb0d/fast && /usr/bin/gmake  -f CMakeFiles/cmTC_5fb0d.dir/build.make CMakeFiles/cmTC_5fb0d.dir/build
gmake[1]: Entering directory '/home/anhtu/Downloads/ev_charger_ui/build-libocpp-frdm/CMakeFiles/CMakeTmp'
Building C object CMakeFiles/cmTC_5fb0d.dir/CheckFunctionExists.c.o
/usr/bin/aarch64-linux-gnu-gcc --sysroot=/home/anhtu/Downloads/ev_charger_ui/sysroot_frdm -DKEYWORD=__inline  -DCHECK_FUNCTION_EXISTS=getifaddrs -o CMakeFiles/cmTC_5fb0d.dir/CheckFunctionExists.c.o -c /usr/share/cmake-3.22/Modules/CheckFunctionExists.c
Linking C executable cmTC_5fb0d
/usr/bin/cmake -E cmake_link_script CMakeFiles/cmTC_5fb0d.dir/link.txt --verbose=1
/usr/bin/aarch64-linux-gnu-gcc --sysroot=/home/anhtu/Downloads/ev_charger_ui/sysroot_frdm  -DCHECK_FUNCTION_EXISTS=getifaddrs -L/home/anhtu/Downloads/ev_charger_ui/sysroot_frdm/usr/lib -Wl,-rpath-link,/home/anhtu/Downloads/ev_charger_ui/sysroot_frdm/usr/lib  CMakeFiles/cmTC_5fb0d.dir/CheckFunctionExists.c.o -o cmTC_5fb0d 
gmake[1]: Leaving directory '/home/anhtu/Downloads/ev_charger_ui/build-libocpp-frdm/CMakeFiles/CMakeTmp'



Determining if the function snprintf exists passed with the following output:
Change Dir: /home/anhtu/Downloads/ev_charger_ui/build-libocpp-frdm/CMakeFiles/CMakeTmp

Run Build Command(s):/usr/bin/gmake -f Makefile cmTC_6c297/fast && /usr/bin/gmake  -f CMakeFiles/cmTC_6c297.dir/build.make CMakeFiles/cmTC_6c297.dir/build
gmake[1]: Entering directory '/home/anhtu/Downloads/ev_charger_ui/build-libocpp-frdm/CMakeFiles/CMakeTmp'
Building C object CMakeFiles/cmTC_6c297.dir/CheckFunctionExists.c.o
/usr/bin/aarch64-linux-gnu-gcc --sysroot=/home/anhtu/Downloads/ev_charger_ui/sysroot_frdm -DKEYWORD=__inline  -DCHECK_FUNCTION_EXISTS=snprintf -o CMakeFiles/cmTC_6c297.dir/CheckFunctionExists.c.o -c /usr/share/cmake-3.22/Modules/CheckFunctionExists.c
<command-line>: warning: conflicting types for built-in function ‘snprintf’; expected ‘int(char *, long unsigned int,  const char *, ...)’ [-Wbuiltin-declaration-mismatch]
/usr/share/cmake-3.22/Modules/CheckFunctionExists.c:7:3: note: in expansion of macro ‘CHECK_FUNCTION_EXISTS’
    7 |   CHECK_FUNCTION_EXISTS(void);
      |   ^~~~~~~~~~~~~~~~~~~~~
/usr/share/cmake-3.22/Modules/CheckFunctionExists.c:1:1: note: ‘snprintf’ is declared in header ‘<stdio.h>’
  +++ |+#include <stdio.h>
    1 | #ifdef CHECK_FUNCTION_EXISTS
Linking C executable cmTC_6c297
/usr/bin/cmake -E cmake_link_script CMakeFiles/cmTC_6c297.dir/link.txt --verbose=1
/usr/bin/aarch64-linux-gnu-gcc --sysroot=/home/anhtu/Downloads/ev_charger_ui/sysroot_frdm  -DCHECK_FUNCTION_EXISTS=snprintf -L/home/anhtu/Downloads/ev_charger_ui/sysroot_frdm/usr/lib -Wl,-rpath-link,/home/anhtu/Downloads/ev_charger_ui/sysroot_frdm/usr/lib  CMakeFiles/cmTC_6c297.dir/CheckFunctionExists.c.o -o cmTC_6c297 
gmake[1]: Leaving directory '/home/anhtu/Downloads/ev_charger_ui/build-libocpp-frdm/CMakeFiles/CMakeTmp'



Determining if the function getloadavg exists passed with the following output:
Change Dir: /home/anhtu/Downloads/ev_charger_ui/build-libocpp-frdm/CMakeFiles/CMakeTmp

Run Build Command(s):/usr/bin/gmake -f Makefile cmTC_f2044/fast && /usr/bin/gmake  -f CMakeFiles/cmTC_f2044.dir/build.make CMakeFiles/cmTC_f2044.dir/build
gmake[1]: Entering directory '/home/anhtu/Downloads/ev_charger_ui/build-libocpp-frdm/CMakeFiles/CMakeTmp'
Building C object CMakeFiles/cmTC_f2044.dir/CheckFunctionExists.c.o
/usr/bin/aarch64-linux-gnu-gcc --sysroot=/home/anhtu/Downloads/ev_charger_ui/sysroot_frdm -DKEYWORD=__inline  -DCHECK_FUNCTION_EXISTS=getloadavg -o CMakeFiles/cmTC_f2044.dir/CheckFunctionExists.c.o -c /usr/share/cmake-3.22/Modules/CheckFunctionExists.c
Linking C executable cmTC_f2044
/usr/bin/cmake -E cmake_link_script CMakeFiles/cmTC_f2044.dir/link.txt --verbose=1
/usr/bin/aarch64-linux-gnu-gcc --sysroot=/home/anhtu/Downloads/ev_charger_ui/sysroot_frdm  -DCHECK_FUNCTION_EXISTS=getloadavg -L/home/anhtu/Downloads/ev_charger_ui/sysroot_frdm/usr/lib -Wl,-rpath-link,/home/anhtu/Downloads/ev_charger_ui/sysroot_frdm/usr/lib  CMakeFiles/cmTC_f2044.dir/CheckFunctionExists.c.o -o cmTC_f2044 
gmake[1]: Leaving directory '/home/anhtu/Downloads/ev_charger_ui/build-libocpp-frdm/CMakeFiles/CMakeTmp'



Determining if the function atoll exists passed with the following output:
Change Dir: /home/anhtu/Downloads/ev_charger_ui/build-libocpp-frdm/CMakeFiles/CMakeTmp

Run Build Command(s):/usr/bin/gmake -f Makefile cmTC_bc20d/fast && /usr/bin/gmake  -f CMakeFiles/cmTC_bc20d.dir/build.make CMakeFiles/cmTC_bc20d.dir/build
gmake[1]: Entering directory '/home/anhtu/Downloads/ev_charger_ui/build-libocpp-frdm/CMakeFiles/CMakeTmp'
Building C object CMakeFiles/cmTC_bc20d.dir/CheckFunctionExists.c.o
/usr/bin/aarch64-linux-gnu-gcc --sysroot=/home/anhtu/Downloads/ev_charger_ui/sysroot_frdm -DKEYWORD=__inline  -DCHECK_FUNCTION_EXISTS=atoll -o CMakeFiles/cmTC_bc20d.dir/CheckFunctionExists.c.o -c /usr/share/cmake-3.22/Modules/CheckFunctionExists.c
Linking C executable cmTC_bc20d
/usr/bin/cmake -E cmake_link_script CMakeFiles/cmTC_bc20d.dir/link.txt --verbose=1
/usr/bin/aarch64-linux-gnu-gcc --sysroot=/home/anhtu/Downloads/ev_charger_ui/sysroot_frdm  -DCHECK_FUNCTION_EXISTS=atoll -L/home/anhtu/Downloads/ev_charger_ui/sysroot_frdm/usr/lib -Wl,-rpath-link,/home/anhtu/Downloads/ev_charger_ui/sysroot_frdm/usr/lib  CMakeFiles/cmTC_bc20d.dir/CheckFunctionExists.c.o -o cmTC_bc20d 
gmake[1]: Leaving directory '/home/anhtu/Downloads/ev_charger_ui/build-libocpp-frdm/CMakeFiles/CMakeTmp'



Determining if the function clock_gettime exists passed with the following output:
Change Dir: /home/anhtu/Downloads/ev_charger_ui/build-libocpp-frdm/CMakeFiles/CMakeTmp

Run Build Command(s):/usr/bin/gmake -f Makefile cmTC_9933c/fast && /usr/bin/gmake  -f CMakeFiles/cmTC_9933c.dir/build.make CMakeFiles/cmTC_9933c.dir/build
gmake[1]: Entering directory '/home/anhtu/Downloads/ev_charger_ui/build-libocpp-frdm/CMakeFiles/CMakeTmp'
Building C object CMakeFiles/cmTC_9933c.dir/CheckFunctionExists.c.o
/usr/bin/aarch64-linux-gnu-gcc --sysroot=/home/anhtu/Downloads/ev_charger_ui/sysroot_frdm -DKEYWORD=__inline  -DCHECK_FUNCTION_EXISTS=clock_gettime -o CMakeFiles/cmTC_9933c.dir/CheckFunctionExists.c.o -c /usr/share/cmake-3.22/Modules/CheckFunctionExists.c
Linking C executable cmTC_9933c
/usr/bin/cmake -E cmake_link_script CMakeFiles/cmTC_9933c.dir/link.txt --verbose=1
/usr/bin/aarch64-linux-gnu-gcc --sysroot=/home/anhtu/Downloads/ev_charger_ui/sysroot_frdm  -DCHECK_FUNCTION_EXISTS=clock_gettime -L/home/anhtu/Downloads/ev_charger_ui/sysroot_frdm/usr/lib -Wl,-rpath-link,/home/anhtu/Downloads/ev_charger_ui/sysroot_frdm/usr/lib  CMakeFiles/cmTC_9933c.dir/CheckFunctionExists.c.o -o cmTC_9933c 
gmake[1]: Leaving directory '/home/anhtu/Downloads/ev_charger_ui/build-libocpp-frdm/CMakeFiles/CMakeTmp'



Determining if the function localtime_r exists passed with the following output:
Change Dir: /home/anhtu/Downloads/ev_charger_ui/build-libocpp-frdm/CMakeFiles/CMakeTmp

Run Build Command(s):/usr/bin/gmake -f Makefile cmTC_faaaa/fast && /usr/bin/gmake  -f CMakeFiles/cmTC_faaaa.dir/build.make CMakeFiles/cmTC_faaaa.dir/build
gmake[1]: Entering directory '/home/anhtu/Downloads/ev_charger_ui/build-libocpp-frdm/CMakeFiles/CMakeTmp'
Building C object CMakeFiles/cmTC_faaaa.dir/CheckFunctionExists.c.o
/usr/bin/aarch64-linux-gnu-gcc --sysroot=/home/anhtu/Downloads/ev_charger_ui/sysroot_frdm -DKEYWORD=__inline  -DCHECK_FUNCTION_EXISTS=localtime_r -o CMakeFiles/cmTC_faaaa.dir/CheckFunctionExists.c.o -c /usr/share/cmake-3.22/Modules/CheckFunctionExists.c
Linking C executable cmTC_faaaa
/usr/bin/cmake -E cmake_link_script CMakeFiles/cmTC_faaaa.dir/link.txt --verbose=1
/usr/bin/aarch64-linux-gnu-gcc --sysroot=/home/anhtu/Downloads/ev_charger_ui/sysroot_frdm  -DCHECK_FUNCTION_EXISTS=localtime_r -L/home/anhtu/Downloads/ev_charger_ui/sysroot_frdm/usr/lib -Wl,-rpath-link,/home/anhtu/Downloads/ev_charger_ui/sysroot_frdm/usr/lib  CMakeFiles/cmTC_faaaa.dir/CheckFunctionExists.c.o -o cmTC_faaaa 
gmake[1]: Leaving directory '/home/anhtu/Downloads/ev_charger_ui/build-libocpp-frdm/CMakeFiles/CMakeTmp'



Determining if the function gmtime_r exists passed with the following output:
Change Dir: /home/anhtu/Downloads/ev_charger_ui/build-libocpp-frdm/CMakeFiles/CMakeTmp

Run Build Command(s):/usr/bin/gmake -f Makefile cmTC_b5064/fast && /usr/bin/gmake  -f CMakeFiles/cmTC_b5064.dir/build.make CMakeFiles/cmTC_b5064.dir/build
gmake[1]: Entering directory '/home/anhtu/Downloads/ev_charger_ui/build-libocpp-frdm/CMakeFiles/CMakeTmp'
Building C object CMakeFiles/cmTC_b5064.dir/CheckFunctionExists.c.o
/usr/bin/aarch64-linux-gnu-gcc --sysroot=/home/anhtu/Downloads/ev_charger_ui/sysroot_frdm -DKEYWORD=__inline  -DCHECK_FUNCTION_EXISTS=gmtime_r -o CMakeFiles/cmTC_b5064.dir/CheckFunctionExists.c.o -c /usr/share/cmake-3.22/Modules/CheckFunctionExists.c
Linking C executable cmTC_b5064
/usr/bin/cmake -E cmake_link_script CMakeFiles/cmTC_b5064.dir/link.txt --verbose=1
/usr/bin/aarch64-linux-gnu-gcc --sysroot=/home/anhtu/Downloads/ev_charger_ui/sysroot_frdm  -DCHECK_FUNCTION_EXISTS=gmtime_r -L/home/anhtu/Downloads/ev_charger_ui/sysroot_frdm/usr/lib -Wl,-rpath-link,/home/anhtu/Downloads/ev_charger_ui/sysroot_frdm/usr/lib  CMakeFiles/cmTC_b5064.dir/CheckFunctionExists.c.o -o cmTC_b5064 
gmake[1]: Leaving directory '/home/anhtu/Downloads/ev_charger_ui/build-libocpp-frdm/CMakeFiles/CMakeTmp'



Determining if the function ctime_r exists passed with the following output:
Change Dir: /home/anhtu/Downloads/ev_charger_ui/build-libocpp-frdm/CMakeFiles/CMakeTmp

Run Build Command(s):/usr/bin/gmake -f Makefile cmTC_ef107/fast && /usr/bin/gmake  -f CMakeFiles/cmTC_ef107.dir/build.make CMakeFiles/cmTC_ef107.dir/build
gmake[1]: Entering directory '/home/anhtu/Downloads/ev_charger_ui/build-libocpp-frdm/CMakeFiles/CMakeTmp'
Building C object CMakeFiles/cmTC_ef107.dir/CheckFunctionExists.c.o
/usr/bin/aarch64-linux-gnu-gcc --sysroot=/home/anhtu/Downloads/ev_charger_ui/sysroot_frdm -DKEYWORD=__inline  -DCHECK_FUNCTION_EXISTS=ctime_r -o CMakeFiles/cmTC_ef107.dir/CheckFunctionExists.c.o -c /usr/share/cmake-3.22/Modules/CheckFunctionExists.c
Linking C executable cmTC_ef107
/usr/bin/cmake -E cmake_link_script CMakeFiles/cmTC_ef107.dir/link.txt --verbose=1
/usr/bin/aarch64-linux-gnu-gcc --sysroot=/home/anhtu/Downloads/ev_charger_ui/sysroot_frdm  -DCHECK_FUNCTION_EXISTS=ctime_r -L/home/anhtu/Downloads/ev_charger_ui/sysroot_frdm/usr/lib -Wl,-rpath-link,/home/anhtu/Downloads/ev_charger_ui/sysroot_frdm/usr/lib  CMakeFiles/cmTC_ef107.dir/CheckFunctionExists.c.o -o cmTC_ef107 
gmake[1]: Leaving directory '/home/anhtu/Downloads/ev_charger_ui/build-libocpp-frdm/CMakeFiles/CMakeTmp'



Determining if the function getgrgid_r exists passed with the following output:
Change Dir: /home/anhtu/Downloads/ev_charger_ui/build-libocpp-frdm/CMakeFiles/CMakeTmp

Run Build Command(s):/usr/bin/gmake -f Makefile cmTC_fb0c0/fast && /usr/bin/gmake  -f CMakeFiles/cmTC_fb0c0.dir/build.make CMakeFiles/cmTC_fb0c0.dir/build
gmake[1]: Entering directory '/home/anhtu/Downloads/ev_charger_ui/build-libocpp-frdm/CMakeFiles/CMakeTmp'
Building C object CMakeFiles/cmTC_fb0c0.dir/CheckFunctionExists.c.o
/usr/bin/aarch64-linux-gnu-gcc --sysroot=/home/anhtu/Downloads/ev_charger_ui/sysroot_frdm -DKEYWORD=__inline  -DCHECK_FUNCTION_EXISTS=getgrgid_r -o CMakeFiles/cmTC_fb0c0.dir/CheckFunctionExists.c.o -c /usr/share/cmake-3.22/Modules/CheckFunctionExists.c
Linking C executable cmTC_fb0c0
/usr/bin/cmake -E cmake_link_script CMakeFiles/cmTC_fb0c0.dir/link.txt --verbose=1
/usr/bin/aarch64-linux-gnu-gcc --sysroot=/home/anhtu/Downloads/ev_charger_ui/sysroot_frdm  -DCHECK_FUNCTION_EXISTS=getgrgid_r -L/home/anhtu/Downloads/ev_charger_ui/sysroot_frdm/usr/lib -Wl,-rpath-link,/home/anhtu/Downloads/ev_charger_ui/sysroot_frdm/usr/lib  CMakeFiles/cmTC_fb0c0.dir/CheckFunctionExists.c.o -o cmTC_fb0c0 
gmake[1]: Leaving directory '/home/anhtu/Downloads/ev_charger_ui/build-libocpp-frdm/CMakeFiles/CMakeTmp'



Determining if the function getgrnam_r exists passed with the following output:
Change Dir: /home/anhtu/Downloads/ev_charger_ui/build-libocpp-frdm/CMakeFiles/CMakeTmp

Run Build Command(s):/usr/bin/gmake -f Makefile cmTC_6b26d/fast && /usr/bin/gmake  -f CMakeFiles/cmTC_6b26d.dir/build.make CMakeFiles/cmTC_6b26d.dir/build
gmake[1]: Entering directory '/home/anhtu/Downloads/ev_charger_ui/build-libocpp-frdm/CMakeFiles/CMakeTmp'
Building C object CMakeFiles/cmTC_6b26d.dir/CheckFunctionExists.c.o
/usr/bin/aarch64-linux-gnu-gcc --sysroot=/home/anhtu/Downloads/ev_charger_ui/sysroot_frdm -DKEYWORD=__inline  -DCHECK_FUNCTION_EXISTS=getgrnam_r -o CMakeFiles/cmTC_6b26d.dir/CheckFunctionExists.c.o -c /usr/share/cmake-3.22/Modules/CheckFunctionExists.c
Linking C executable cmTC_6b26d
/usr/bin/cmake -E cmake_link_script CMakeFiles/cmTC_6b26d.dir/link.txt --verbose=1
/usr/bin/aarch64-linux-gnu-gcc --sysroot=/home/anhtu/Downloads/ev_charger_ui/sysroot_frdm  -DCHECK_FUNCTION_EXISTS=getgrnam_r -L/home/anhtu/Downloads/ev_charger_ui/sysroot_frdm/usr/lib -Wl,-rpath-link,/home/anhtu/Downloads/ev_charger_ui/sysroot_frdm/usr/lib  CMakeFiles/cmTC_6b26d.dir/CheckFunctionExists.c.o -o cmTC_6b26d 
gmake[1]: Leaving directory '/home/anhtu/Downloads/ev_charger_ui/build-libocpp-frdm/CMakeFiles/CMakeTmp'



Determining if the function getpwuid_r exists passed with the following output:
Change Dir: /home/anhtu/Downloads/ev_charger_ui/build-libocpp-frdm/CMakeFiles/CMakeTmp

Run Build Command(s):/usr/bin/gmake -f Makefile cmTC_1a764/fast && /usr/bin/gmake  -f CMakeFiles/cmTC_1a764.dir/build.make CMakeFiles/cmTC_1a764.dir/build
gmake[1]: Entering directory '/home/anhtu/Downloads/ev_charger_ui/build-libocpp-frdm/CMakeFiles/CMakeTmp'
Building C object CMakeFiles/cmTC_1a764.dir/CheckFunctionExists.c.o
/usr/bin/aarch64-linux-gnu-gcc --sysroot=/home/anhtu/Downloads/ev_charger_ui/sysroot_frdm -DKEYWORD=__inline  -DCHECK_FUNCTION_EXISTS=getpwuid_r -o CMakeFiles/cmTC_1a764.dir/CheckFunctionExists.c.o -c /usr/share/cmake-3.22/Modules/CheckFunctionExists.c
Linking C executable cmTC_1a764
/usr/bin/cmake -E cmake_link_script CMakeFiles/cmTC_1a764.dir/link.txt --verbose=1
/usr/bin/aarch64-linux-gnu-gcc --sysroot=/home/anhtu/Downloads/ev_charger_ui/sysroot_frdm  -DCHECK_FUNCTION_EXISTS=getpwuid_r -L/home/anhtu/Downloads/ev_charger_ui/sysroot_frdm/usr/lib -Wl,-rpath-link,/home/anhtu/Downloads/ev_charger_ui/sysroot_frdm/usr/lib  CMakeFiles/cmTC_1a764.dir/CheckFunctionExists.c.o -o cmTC_1a764 
gmake[1]: Leaving directory '/home/anhtu/Downloads/ev_charger_ui/build-libocpp-frdm/CMakeFiles/CMakeTmp'



Determining if the function getpwnam_r exists passed with the following output:
Change Dir: /home/anhtu/Downloads/ev_charger_ui/build-libocpp-frdm/CMakeFiles/CMakeTmp

Run Build Command(s):/usr/bin/gmake -f Makefile cmTC_01549/fast && /usr/bin/gmake  -f CMakeFiles/cmTC_01549.dir/build.make CMakeFiles/cmTC_01549.dir/build
gmake[1]: Entering directory '/home/anhtu/Downloads/ev_charger_ui/build-libocpp-frdm/CMakeFiles/CMakeTmp'
Building C object CMakeFiles/cmTC_01549.dir/CheckFunctionExists.c.o
/usr/bin/aarch64-linux-gnu-gcc --sysroot=/home/anhtu/Downloads/ev_charger_ui/sysroot_frdm -DKEYWORD=__inline  -DCHECK_FUNCTION_EXISTS=getpwnam_r -o CMakeFiles/cmTC_01549.dir/CheckFunctionExists.c.o -c /usr/share/cmake-3.22/Modules/CheckFunctionExists.c
Linking C executable cmTC_01549
/usr/bin/cmake -E cmake_link_script CMakeFiles/cmTC_01549.dir/link.txt --verbose=1
/usr/bin/aarch64-linux-gnu-gcc --sysroot=/home/anhtu/Downloads/ev_charger_ui/sysroot_frdm  -DCHECK_FUNCTION_EXISTS=getpwnam_r -L/home/anhtu/Downloads/ev_charger_ui/sysroot_frdm/usr/lib -Wl,-rpath-link,/home/anhtu/Downloads/ev_charger_ui/sysroot_frdm/usr/lib  CMakeFiles/cmTC_01549.dir/CheckFunctionExists.c.o -o cmTC_01549 
gmake[1]: Leaving directory '/home/anhtu/Downloads/ev_charger_ui/build-libocpp-frdm/CMakeFiles/CMakeTmp'



Determining if the function timegm exists passed with the following output:
Change Dir: /home/anhtu/Downloads/ev_charger_ui/build-libocpp-frdm/CMakeFiles/CMakeTmp

Run Build Command(s):/usr/bin/gmake -f Makefile cmTC_0aae1/fast && /usr/bin/gmake  -f CMakeFiles/cmTC_0aae1.dir/build.make CMakeFiles/cmTC_0aae1.dir/build
gmake[1]: Entering directory '/home/anhtu/Downloads/ev_charger_ui/build-libocpp-frdm/CMakeFiles/CMakeTmp'
Building C object CMakeFiles/cmTC_0aae1.dir/CheckFunctionExists.c.o
/usr/bin/aarch64-linux-gnu-gcc --sysroot=/home/anhtu/Downloads/ev_charger_ui/sysroot_frdm -DKEYWORD=__inline  -DCHECK_FUNCTION_EXISTS=timegm -o CMakeFiles/cmTC_0aae1.dir/CheckFunctionExists.c.o -c /usr/share/cmake-3.22/Modules/CheckFunctionExists.c
Linking C executable cmTC_0aae1
/usr/bin/cmake -E cmake_link_script CMakeFiles/cmTC_0aae1.dir/link.txt --verbose=1
/usr/bin/aarch64-linux-gnu-gcc --sysroot=/home/anhtu/Downloads/ev_charger_ui/sysroot_frdm  -DCHECK_FUNCTION_EXISTS=timegm -L/home/anhtu/Downloads/ev_charger_ui/sysroot_frdm/usr/lib -Wl,-rpath-link,/home/anhtu/Downloads/ev_charger_ui/sysroot_frdm/usr/lib  CMakeFiles/cmTC_0aae1.dir/CheckFunctionExists.c.o -o cmTC_0aae1 
gmake[1]: Leaving directory '/home/anhtu/Downloads/ev_charger_ui/build-libocpp-frdm/CMakeFiles/CMakeTmp'



Performing C SOURCE FILE Test LWS_HAVE_IN6ADDR_H succeeded with the following output:
Change Dir: /home/anhtu/Downloads/ev_charger_ui/build-libocpp-frdm/CMakeFiles/CMakeTmp

Run Build Command(s):/usr/bin/gmake -f Makefile cmTC_c5ed1/fast && /usr/bin/gmake  -f CMakeFiles/cmTC_c5ed1.dir/build.make CMakeFiles/cmTC_c5ed1.dir/build
gmake[1]: Entering directory '/home/anhtu/Downloads/ev_charger_ui/build-libocpp-frdm/CMakeFiles/CMakeTmp'
Building C object CMakeFiles/cmTC_c5ed1.dir/src.c.o
/usr/bin/aarch64-linux-gnu-gcc --sysroot=/home/anhtu/Downloads/ev_charger_ui/sysroot_frdm -DKEYWORD=__inline -DLWS_HAVE_IN6ADDR_H   -o CMakeFiles/cmTC_c5ed1.dir/src.c.o -c /home/anhtu/Downloads/ev_charger_ui/build-libocpp-frdm/CMakeFiles/CMakeTmp/src.c
Linking C executable cmTC_c5ed1
/usr/bin/cmake -E cmake_link_script CMakeFiles/cmTC_c5ed1.dir/link.txt --verbose=1
/usr/bin/aarch64-linux-gnu-gcc --sysroot=/home/anhtu/Downloads/ev_charger_ui/sysroot_frdm -L/home/anhtu/Downloads/ev_charger_ui/sysroot_frdm/usr/lib -Wl,-rpath-link,/home/anhtu/Downloads/ev_charger_ui/sysroot_frdm/usr/lib  CMakeFiles/cmTC_c5ed1.dir/src.c.o -o cmTC_c5ed1 
gmake[1]: Leaving directory '/home/anhtu/Downloads/ev_charger_ui/build-libocpp-frdm/CMakeFiles/CMakeTmp'


Source file was:
#include <malloc.h>
void main(void) { while(1) ; } void xxexit(void){}
Performing C SOURCE FILE Test LWS_HAVE_MEMORY_H succeeded with the following output:
Change Dir: /home/anhtu/Downloads/ev_charger_ui/build-libocpp-frdm/CMakeFiles/CMakeTmp

Run Build Command(s):/usr/bin/gmake -f Makefile cmTC_22c0b/fast && /usr/bin/gmake  -f CMakeFiles/cmTC_22c0b.dir/build.make CMakeFiles/cmTC_22c0b.dir/build
gmake[1]: Entering directory '/home/anhtu/Downloads/ev_charger_ui/build-libocpp-frdm/CMakeFiles/CMakeTmp'
Building C object CMakeFiles/cmTC_22c0b.dir/src.c.o
/usr/bin/aarch64-linux-gnu-gcc --sysroot=/home/anhtu/Downloads/ev_charger_ui/sysroot_frdm -DKEYWORD=__inline -DLWS_HAVE_MEMORY_H   -o CMakeFiles/cmTC_22c0b.dir/src.c.o -c /home/anhtu/Downloads/ev_charger_ui/build-libocpp-frdm/CMakeFiles/CMakeTmp/src.c
Linking C executable cmTC_22c0b
/usr/bin/cmake -E cmake_link_script CMakeFiles/cmTC_22c0b.dir/link.txt --verbose=1
/usr/bin/aarch64-linux-gnu-gcc --sysroot=/home/anhtu/Downloads/ev_charger_ui/sysroot_frdm -L/home/anhtu/Downloads/ev_charger_ui/sysroot_frdm/usr/lib -Wl,-rpath-link,/home/anhtu/Downloads/ev_charger_ui/sysroot_frdm/usr/lib  CMakeFiles/cmTC_22c0b.dir/src.c.o -o cmTC_22c0b 
gmake[1]: Leaving directory '/home/anhtu/Downloads/ev_charger_ui/build-libocpp-frdm/CMakeFiles/CMakeTmp'


Source file was:
#include <memory.h>
void main(void) { while(1) ; } void xxexit(void){}
Performing C SOURCE FILE Test LWS_HAVE_NETINET_IN_H succeeded with the following output:
Change Dir: /home/anhtu/Downloads/ev_charger_ui/build-libocpp-frdm/CMakeFiles/CMakeTmp

Run Build Command(s):/usr/bin/gmake -f Makefile cmTC_86d6e/fast && /usr/bin/gmake  -f CMakeFiles/cmTC_86d6e.dir/build.make CMakeFiles/cmTC_86d6e.dir/build
gmake[1]: Entering directory '/home/anhtu/Downloads/ev_charger_ui/build-libocpp-frdm/CMakeFiles/CMakeTmp'
Building C object CMakeFiles/cmTC_86d6e.dir/src.c.o
/usr/bin/aarch64-linux-gnu-gcc --sysroot=/home/anhtu/Downloads/ev_charger_ui/sysroot_frdm -DKEYWORD=__inline -DLWS_HAVE_NETINET_IN_H   -o CMakeFiles/cmTC_86d6e.dir/src.c.o -c /home/anhtu/Downloads/ev_charger_ui/build-libocpp-frdm/CMakeFiles/CMakeTmp/src.c
Linking C executable cmTC_86d6e
/usr/bin/cmake -E cmake_link_script CMakeFiles/cmTC_86d6e.dir/link.txt --verbose=1
/usr/bin/aarch64-linux-gnu-gcc --sysroot=/home/anhtu/Downloads/ev_charger_ui/sysroot_frdm -L/home/anhtu/Downloads/ev_charger_ui/sysroot_frdm/usr/lib -Wl,-rpath-link,/home/anhtu/Downloads/ev_charger_ui/sysroot_frdm/usr/lib  CMakeFiles/cmTC_86d6e.dir/src.c.o -o cmTC_86d6e 
gmake[1]: Leaving directory '/home/anhtu/Downloads/ev_charger_ui/build-libocpp-frdm/CMakeFiles/CMakeTmp'


Source file was:
#include <netinet/in.h>
void main(void) { while(1) ; } void xxexit(void){}
Performing C SOURCE FILE Test LWS_HAVE_STDINT_H succeeded with the following output:
Change Dir: /home/anhtu/Downloads/ev_charger_ui/build-libocpp-frdm/CMakeFiles/CMakeTmp

Run Build Command(s):/usr/bin/gmake -f Makefile cmTC_b15da/fast && /usr/bin/gmake  -f CMakeFiles/cmTC_b15da.dir/build.make CMakeFiles/cmTC_b15da.dir/build
gmake[1]: Entering directory '/home/anhtu/Downloads/ev_charger_ui/build-libocpp-frdm/CMakeFiles/CMakeTmp'
Building C object CMakeFiles/cmTC_b15da.dir/src.c.o
/usr/bin/aarch64-linux-gnu-gcc --sysroot=/home/anhtu/Downloads/ev_charger_ui/sysroot_frdm -DKEYWORD=__inline -DLWS_HAVE_STDINT_H   -o CMakeFiles/cmTC_b15da.dir/src.c.o -c /home/anhtu/Downloads/ev_charger_ui/build-libocpp-frdm/CMakeFiles/CMakeTmp/src.c
Linking C executable cmTC_b15da
/usr/bin/cmake -E cmake_link_script CMakeFiles/cmTC_b15da.dir/link.txt --verbose=1
/usr/bin/aarch64-linux-gnu-gcc --sysroot=/home/anhtu/Downloads/ev_charger_ui/sysroot_frdm -L/home/anhtu/Downloads/ev_charger_ui/sysroot_frdm/usr/lib -Wl,-rpath-link,/home/anhtu/Downloads/ev_charger_ui/sysroot_frdm/usr/lib  CMakeFiles/cmTC_b15da.dir/src.c.o -o cmTC_b15da 
gmake[1]: Leaving directory '/home/anhtu/Downloads/ev_charger_ui/build-libocpp-frdm/CMakeFiles/CMakeTmp'


Source file was:
#include <stdint.h>
void main(void) { while(1) ; } void xxexit(void){}
Performing C SOURCE FILE Test LWS_HAVE_STDLIB_H succeeded with the following output:
Change Dir: /home/anhtu/Downloads/ev_charger_ui/build-libocpp-frdm/CMakeFiles/CMakeTmp

Run Build Command(s):/usr/bin/gmake -f Makefile cmTC_9d3b0/fast && /usr/bin/gmake  -f CMakeFiles/cmTC_9d3b0.dir/build.make CMakeFiles/cmTC_9d3b0.dir/build
gmake[1]: Entering directory '/home/anhtu/Downloads/ev_charger_ui/build-libocpp-frdm/CMakeFiles/CMakeTmp'
Building C object CMakeFiles/cmTC_9d3b0.dir/src.c.o
/usr/bin/aarch64-linux-gnu-gcc --sysroot=/home/anhtu/Downloads/ev_charger_ui/sysroot_frdm -DKEYWORD=__inline -DLWS_HAVE_STDLIB_H   -o CMakeFiles/cmTC_9d3b0.dir/src.c.o -c /home/anhtu/Downloads/ev_charger_ui/build-libocpp-frdm/CMakeFiles/CMakeTmp/src.c
Linking C executable cmTC_9d3b0
/usr/bin/cmake -E cmake_link_script CMakeFiles/cmTC_9d3b0.dir/link.txt --verbose=1
/usr/bin/aarch64-linux-gnu-gcc --sysroot=/home/anhtu/Downloads/ev_charger_ui/sysroot_frdm -L/home/anhtu/Downloads/ev_charger_ui/sysroot_frdm/usr/lib -Wl,-rpath-link,/home/anhtu/Downloads/ev_charger_ui/sysroot_frdm/usr/lib  CMakeFiles/cmTC_9d3b0.dir/src.c.o -o cmTC_9d3b0 
gmake[1]: Leaving directory '/home/anhtu/Downloads/ev_charger_ui/build-libocpp-frdm/CMakeFiles/CMakeTmp'


Source file was:
#include <stdlib.h>
void main(void) { while(1) ; } void xxexit(void){}
Performing C SOURCE FILE Test LWS_HAVE_STRINGS_H succeeded with the following output:
Change Dir: /home/anhtu/Downloads/ev_charger_ui/build-libocpp-frdm/CMakeFiles/CMakeTmp

Run Build Command(s):/usr/bin/gmake -f Makefile cmTC_daa7d/fast && /usr/bin/gmake  -f CMakeFiles/cmTC_daa7d.dir/build.make CMakeFiles/cmTC_daa7d.dir/build
gmake[1]: Entering directory '/home/anhtu/Downloads/ev_charger_ui/build-libocpp-frdm/CMakeFiles/CMakeTmp'
Building C object CMakeFiles/cmTC_daa7d.dir/src.c.o
/usr/bin/aarch64-linux-gnu-gcc --sysroot=/home/anhtu/Downloads/ev_charger_ui/sysroot_frdm -DKEYWORD=__inline -DLWS_HAVE_STRINGS_H   -o CMakeFiles/cmTC_daa7d.dir/src.c.o -c /home/anhtu/Downloads/ev_charger_ui/build-libocpp-frdm/CMakeFiles/CMakeTmp/src.c
Linking C executable cmTC_daa7d
/usr/bin/cmake -E cmake_link_script CMakeFiles/cmTC_daa7d.dir/link.txt --verbose=1
/usr/bin/aarch64-linux-gnu-gcc --sysroot=/home/anhtu/Downloads/ev_charger_ui/sysroot_frdm -L/home/anhtu/Downloads/ev_charger_ui/sysroot_frdm/usr/lib -Wl,-rpath-link,/home/anhtu/Downloads/ev_charger_ui/sysroot_frdm/usr/lib  CMakeFiles/cmTC_daa7d.dir/src.c.o -o cmTC_daa7d 
gmake[1]: Leaving directory '/home/anhtu/Downloads/ev_charger_ui/build-libocpp-frdm/CMakeFiles/CMakeTmp'


Source file was:
#include <strings.h>
void main(void) { while(1) ; } void xxexit(void){}
Performing C SOURCE FILE Test LWS_HAVE_STRING_H succeeded with the following output:
Change Dir: /home/anhtu/Downloads/ev_charger_ui/build-libocpp-frdm/CMakeFiles/CMakeTmp

Run Build Command(s):/usr/bin/gmake -f Makefile cmTC_f4f07/fast && /usr/bin/gmake  -f CMakeFiles/cmTC_f4f07.dir/build.make CMakeFiles/cmTC_f4f07.dir/build
gmake[1]: Entering directory '/home/anhtu/Downloads/ev_charger_ui/build-libocpp-frdm/CMakeFiles/CMakeTmp'
Building C object CMakeFiles/cmTC_f4f07.dir/src.c.o
/usr/bin/aarch64-linux-gnu-gcc --sysroot=/home/anhtu/Downloads/ev_charger_ui/sysroot_frdm -DKEYWORD=__inline -DLWS_HAVE_STRING_H   -o CMakeFiles/cmTC_f4f07.dir/src.c.o -c /home/anhtu/Downloads/ev_charger_ui/build-libocpp-frdm/CMakeFiles/CMakeTmp/src.c
Linking C executable cmTC_f4f07
/usr/bin/cmake -E cmake_link_script CMakeFiles/cmTC_f4f07.dir/link.txt --verbose=1
/usr/bin/aarch64-linux-gnu-gcc --sysroot=/home/anhtu/Downloads/ev_charger_ui/sysroot_frdm -L/home/anhtu/Downloads/ev_charger_ui/sysroot_frdm/usr/lib -Wl,-rpath-link,/home/anhtu/Downloads/ev_charger_ui/sysroot_frdm/usr/lib  CMakeFiles/cmTC_f4f07.dir/src.c.o -o cmTC_f4f07 
gmake[1]: Leaving directory '/home/anhtu/Downloads/ev_charger_ui/build-libocpp-frdm/CMakeFiles/CMakeTmp'


Source file was:
#include <string.h>
void main(void) { while(1) ; } void xxexit(void){}
Performing C SOURCE FILE Test LWS_HAVE_SYS_PRCTL_H succeeded with the following output:
Change Dir: /home/anhtu/Downloads/ev_charger_ui/build-libocpp-frdm/CMakeFiles/CMakeTmp

Run Build Command(s):/usr/bin/gmake -f Makefile cmTC_6c758/fast && /usr/bin/gmake  -f CMakeFiles/cmTC_6c758.dir/build.make CMakeFiles/cmTC_6c758.dir/build
gmake[1]: Entering directory '/home/anhtu/Downloads/ev_charger_ui/build-libocpp-frdm/CMakeFiles/CMakeTmp'
Building C object CMakeFiles/cmTC_6c758.dir/src.c.o
/usr/bin/aarch64-linux-gnu-gcc --sysroot=/home/anhtu/Downloads/ev_charger_ui/sysroot_frdm -DKEYWORD=__inline -DLWS_HAVE_SYS_PRCTL_H   -o CMakeFiles/cmTC_6c758.dir/src.c.o -c /home/anhtu/Downloads/ev_charger_ui/build-libocpp-frdm/CMakeFiles/CMakeTmp/src.c
Linking C executable cmTC_6c758
/usr/bin/cmake -E cmake_link_script CMakeFiles/cmTC_6c758.dir/link.txt --verbose=1
/usr/bin/aarch64-linux-gnu-gcc --sysroot=/home/anhtu/Downloads/ev_charger_ui/sysroot_frdm -L/home/anhtu/Downloads/ev_charger_ui/sysroot_frdm/usr/lib -Wl,-rpath-link,/home/anhtu/Downloads/ev_charger_ui/sysroot_frdm/usr/lib  CMakeFiles/cmTC_6c758.dir/src.c.o -o cmTC_6c758 
gmake[1]: Leaving directory '/home/anhtu/Downloads/ev_charger_ui/build-libocpp-frdm/CMakeFiles/CMakeTmp'


Source file was:
#include <sys/prctl.h>
void main(void) { while(1) ; } void xxexit(void){}
Performing C SOURCE FILE Test LWS_HAVE_SYS_SOCKET_H succeeded with the following output:
Change Dir: /home/anhtu/Downloads/ev_charger_ui/build-libocpp-frdm/CMakeFiles/CMakeTmp

Run Build Command(s):/usr/bin/gmake -f Makefile cmTC_3343a/fast && /usr/bin/gmake  -f CMakeFiles/cmTC_3343a.dir/build.make CMakeFiles/cmTC_3343a.dir/build
gmake[1]: Entering directory '/home/anhtu/Downloads/ev_charger_ui/build-libocpp-frdm/CMakeFiles/CMakeTmp'
Building C object CMakeFiles/cmTC_3343a.dir/src.c.o
/usr/bin/aarch64-linux-gnu-gcc --sysroot=/home/anhtu/Downloads/ev_charger_ui/sysroot_frdm -DKEYWORD=__inline -DLWS_HAVE_SYS_SOCKET_H   -o CMakeFiles/cmTC_3343a.dir/src.c.o -c /home/anhtu/Downloads/ev_charger_ui/build-libocpp-frdm/CMakeFiles/CMakeTmp/src.c
Linking C executable cmTC_3343a
/usr/bin/cmake -E cmake_link_script CMakeFiles/cmTC_3343a.dir/link.txt --verbose=1
/usr/bin/aarch64-linux-gnu-gcc --sysroot=/home/anhtu/Downloads/ev_charger_ui/sysroot_frdm -L/home/anhtu/Downloads/ev_charger_ui/sysroot_frdm/usr/lib -Wl,-rpath-link,/home/anhtu/Downloads/ev_charger_ui/sysroot_frdm/usr/lib  CMakeFiles/cmTC_3343a.dir/src.c.o -o cmTC_3343a 
gmake[1]: Leaving directory '/home/anhtu/Downloads/ev_charger_ui/build-libocpp-frdm/CMakeFiles/CMakeTmp'


Source file was:
#include <sys/socket.h>
void main(void) { while(1) ; } void xxexit(void){}
Performing C SOURCE FILE Test LWS_HAVE_SYS_STAT_H succeeded with the following output:
Change Dir: /home/anhtu/Downloads/ev_charger_ui/build-libocpp-frdm/CMakeFiles/CMakeTmp

Run Build Command(s):/usr/bin/gmake -f Makefile cmTC_bd154/fast && /usr/bin/gmake  -f CMakeFiles/cmTC_bd154.dir/build.make CMakeFiles/cmTC_bd154.dir/build
gmake[1]: Entering directory '/home/anhtu/Downloads/ev_charger_ui/build-libocpp-frdm/CMakeFiles/CMakeTmp'
Building C object CMakeFiles/cmTC_bd154.dir/src.c.o
/usr/bin/aarch64-linux-gnu-gcc --sysroot=/home/anhtu/Downloads/ev_charger_ui/sysroot_frdm -DKEYWORD=__inline -DLWS_HAVE_SYS_STAT_H   -o CMakeFiles/cmTC_bd154.dir/src.c.o -c /home/anhtu/Downloads/ev_charger_ui/build-libocpp-frdm/CMakeFiles/CMakeTmp/src.c
Linking C executable cmTC_bd154
/usr/bin/cmake -E cmake_link_script CMakeFiles/cmTC_bd154.dir/link.txt --verbose=1
/usr/bin/aarch64-linux-gnu-gcc --sysroot=/home/anhtu/Downloads/ev_charger_ui/sysroot_frdm -L/home/anhtu/Downloads/ev_charger_ui/sysroot_frdm/usr/lib -Wl,-rpath-link,/home/anhtu/Downloads/ev_charger_ui/sysroot_frdm/usr/lib  CMakeFiles/cmTC_bd154.dir/src.c.o -o cmTC_bd154 
gmake[1]: Leaving directory '/home/anhtu/Downloads/ev_charger_ui/build-libocpp-frdm/CMakeFiles/CMakeTmp'


Source file was:
#include <sys/stat.h>
void main(void) { while(1) ; } void xxexit(void){}
Performing C SOURCE FILE Test LWS_HAVE_SYS_TYPES_H succeeded with the following output:
Change Dir: /home/anhtu/Downloads/ev_charger_ui/build-libocpp-frdm/CMakeFiles/CMakeTmp

Run Build Command(s):/usr/bin/gmake -f Makefile cmTC_ca68e/fast && /usr/bin/gmake  -f CMakeFiles/cmTC_ca68e.dir/build.make CMakeFiles/cmTC_ca68e.dir/build
gmake[1]: Entering directory '/home/anhtu/Downloads/ev_charger_ui/build-libocpp-frdm/CMakeFiles/CMakeTmp'
Building C object CMakeFiles/cmTC_ca68e.dir/src.c.o
/usr/bin/aarch64-linux-gnu-gcc --sysroot=/home/anhtu/Downloads/ev_charger_ui/sysroot_frdm -DKEYWORD=__inline -DLWS_HAVE_SYS_TYPES_H   -o CMakeFiles/cmTC_ca68e.dir/src.c.o -c /home/anhtu/Downloads/ev_charger_ui/build-libocpp-frdm/CMakeFiles/CMakeTmp/src.c
Linking C executable cmTC_ca68e
/usr/bin/cmake -E cmake_link_script CMakeFiles/cmTC_ca68e.dir/link.txt --verbose=1
/usr/bin/aarch64-linux-gnu-gcc --sysroot=/home/anhtu/Downloads/ev_charger_ui/sysroot_frdm -L/home/anhtu/Downloads/ev_charger_ui/sysroot_frdm/usr/lib -Wl,-rpath-link,/home/anhtu/Downloads/ev_charger_ui/sysroot_frdm/usr/lib  CMakeFiles/cmTC_ca68e.dir/src.c.o -o cmTC_ca68e 
gmake[1]: Leaving directory '/home/anhtu/Downloads/ev_charger_ui/build-libocpp-frdm/CMakeFiles/CMakeTmp'


Source file was:
#include <sys/types.h>
void main(void) { while(1) ; } void xxexit(void){}
Performing C SOURCE FILE Test LWS_HAVE_UNISTD_H succeeded with the following output:
Change Dir: /home/anhtu/Downloads/ev_charger_ui/build-libocpp-frdm/CMakeFiles/CMakeTmp

Run Build Command(s):/usr/bin/gmake -f Makefile cmTC_1ee22/fast && /usr/bin/gmake  -f CMakeFiles/cmTC_1ee22.dir/build.make CMakeFiles/cmTC_1ee22.dir/build
gmake[1]: Entering directory '/home/anhtu/Downloads/ev_charger_ui/build-libocpp-frdm/CMakeFiles/CMakeTmp'
Building C object CMakeFiles/cmTC_1ee22.dir/src.c.o
/usr/bin/aarch64-linux-gnu-gcc --sysroot=/home/anhtu/Downloads/ev_charger_ui/sysroot_frdm -DKEYWORD=__inline -DLWS_HAVE_UNISTD_H   -o CMakeFiles/cmTC_1ee22.dir/src.c.o -c /home/anhtu/Downloads/ev_charger_ui/build-libocpp-frdm/CMakeFiles/CMakeTmp/src.c
Linking C executable cmTC_1ee22
/usr/bin/cmake -E cmake_link_script CMakeFiles/cmTC_1ee22.dir/link.txt --verbose=1
/usr/bin/aarch64-linux-gnu-gcc --sysroot=/home/anhtu/Downloads/ev_charger_ui/sysroot_frdm -L/home/anhtu/Downloads/ev_charger_ui/sysroot_frdm/usr/lib -Wl,-rpath-link,/home/anhtu/Downloads/ev_charger_ui/sysroot_frdm/usr/lib  CMakeFiles/cmTC_1ee22.dir/src.c.o -o cmTC_1ee22 
gmake[1]: Leaving directory '/home/anhtu/Downloads/ev_charger_ui/build-libocpp-frdm/CMakeFiles/CMakeTmp'


Source file was:
#include <unistd.h>
void main(void) { while(1) ; } void xxexit(void){}
Performing C SOURCE FILE Test LWS_HAVE_SYS_CAPABILITY_H succeeded with the following output:
Change Dir: /home/anhtu/Downloads/ev_charger_ui/build-libocpp-frdm/CMakeFiles/CMakeTmp

Run Build Command(s):/usr/bin/gmake -f Makefile cmTC_f9460/fast && /usr/bin/gmake  -f CMakeFiles/cmTC_f9460.dir/build.make CMakeFiles/cmTC_f9460.dir/build
gmake[1]: Entering directory '/home/anhtu/Downloads/ev_charger_ui/build-libocpp-frdm/CMakeFiles/CMakeTmp'
Building C object CMakeFiles/cmTC_f9460.dir/src.c.o
/usr/bin/aarch64-linux-gnu-gcc --sysroot=/home/anhtu/Downloads/ev_charger_ui/sysroot_frdm -DKEYWORD=__inline -DLWS_HAVE_SYS_CAPABILITY_H   -o CMakeFiles/cmTC_f9460.dir/src.c.o -c /home/anhtu/Downloads/ev_charger_ui/build-libocpp-frdm/CMakeFiles/CMakeTmp/src.c
Linking C executable cmTC_f9460
/usr/bin/cmake -E cmake_link_script CMakeFiles/cmTC_f9460.dir/link.txt --verbose=1
/usr/bin/aarch64-linux-gnu-gcc --sysroot=/home/anhtu/Downloads/ev_charger_ui/sysroot_frdm -L/home/anhtu/Downloads/ev_charger_ui/sysroot_frdm/usr/lib -Wl,-rpath-link,/home/anhtu/Downloads/ev_charger_ui/sysroot_frdm/usr/lib  CMakeFiles/cmTC_f9460.dir/src.c.o -o cmTC_f9460 
gmake[1]: Leaving directory '/home/anhtu/Downloads/ev_charger_ui/build-libocpp-frdm/CMakeFiles/CMakeTmp'


Source file was:
#include <sys/capability.h>
void main(void) { while(1) ; } void xxexit(void){}
Performing C SOURCE FILE Test LWS_HAVE_MALLOC_H succeeded with the following output:
Change Dir: /home/anhtu/Downloads/ev_charger_ui/build-libocpp-frdm/CMakeFiles/CMakeTmp

Run Build Command(s):/usr/bin/gmake -f Makefile cmTC_9f78a/fast && /usr/bin/gmake  -f CMakeFiles/cmTC_9f78a.dir/build.make CMakeFiles/cmTC_9f78a.dir/build
gmake[1]: Entering directory '/home/anhtu/Downloads/ev_charger_ui/build-libocpp-frdm/CMakeFiles/CMakeTmp'
Building C object CMakeFiles/cmTC_9f78a.dir/src.c.o
/usr/bin/aarch64-linux-gnu-gcc --sysroot=/home/anhtu/Downloads/ev_charger_ui/sysroot_frdm -DKEYWORD=__inline -DLWS_HAVE_MALLOC_H   -o CMakeFiles/cmTC_9f78a.dir/src.c.o -c /home/anhtu/Downloads/ev_charger_ui/build-libocpp-frdm/CMakeFiles/CMakeTmp/src.c
Linking C executable cmTC_9f78a
/usr/bin/cmake -E cmake_link_script CMakeFiles/cmTC_9f78a.dir/link.txt --verbose=1
/usr/bin/aarch64-linux-gnu-gcc --sysroot=/home/anhtu/Downloads/ev_charger_ui/sysroot_frdm -L/home/anhtu/Downloads/ev_charger_ui/sysroot_frdm/usr/lib -Wl,-rpath-link,/home/anhtu/Downloads/ev_charger_ui/sysroot_frdm/usr/lib  CMakeFiles/cmTC_9f78a.dir/src.c.o -o cmTC_9f78a 
gmake[1]: Leaving directory '/home/anhtu/Downloads/ev_charger_ui/build-libocpp-frdm/CMakeFiles/CMakeTmp'


Source file was:
#include <malloc.h>
void main(void) { while(1) ; } void xxexit(void){}
Performing C SOURCE FILE Test LWS_HAVE_PTHREAD_H succeeded with the following output:
Change Dir: /home/anhtu/Downloads/ev_charger_ui/build-libocpp-frdm/CMakeFiles/CMakeTmp

Run Build Command(s):/usr/bin/gmake -f Makefile cmTC_f8384/fast && /usr/bin/gmake  -f CMakeFiles/cmTC_f8384.dir/build.make CMakeFiles/cmTC_f8384.dir/build
gmake[1]: Entering directory '/home/anhtu/Downloads/ev_charger_ui/build-libocpp-frdm/CMakeFiles/CMakeTmp'
Building C object CMakeFiles/cmTC_f8384.dir/src.c.o
/usr/bin/aarch64-linux-gnu-gcc --sysroot=/home/anhtu/Downloads/ev_charger_ui/sysroot_frdm -DKEYWORD=__inline -DLWS_HAVE_PTHREAD_H   -o CMakeFiles/cmTC_f8384.dir/src.c.o -c /home/anhtu/Downloads/ev_charger_ui/build-libocpp-frdm/CMakeFiles/CMakeTmp/src.c
Linking C executable cmTC_f8384
/usr/bin/cmake -E cmake_link_script CMakeFiles/cmTC_f8384.dir/link.txt --verbose=1
/usr/bin/aarch64-linux-gnu-gcc --sysroot=/home/anhtu/Downloads/ev_charger_ui/sysroot_frdm -L/home/anhtu/Downloads/ev_charger_ui/sysroot_frdm/usr/lib -Wl,-rpath-link,/home/anhtu/Downloads/ev_charger_ui/sysroot_frdm/usr/lib  CMakeFiles/cmTC_f8384.dir/src.c.o -o cmTC_f8384 
gmake[1]: Leaving directory '/home/anhtu/Downloads/ev_charger_ui/build-libocpp-frdm/CMakeFiles/CMakeTmp'


Source file was:
#include <pthread.h>
void main(void) { while(1) ; } void xxexit(void){}
Performing C SOURCE FILE Test LWS_HAVE_INTTYPES_H succeeded with the following output:
Change Dir: /home/anhtu/Downloads/ev_charger_ui/build-libocpp-frdm/CMakeFiles/CMakeTmp

Run Build Command(s):/usr/bin/gmake -f Makefile cmTC_aca02/fast && /usr/bin/gmake  -f CMakeFiles/cmTC_aca02.dir/build.make CMakeFiles/cmTC_aca02.dir/build
gmake[1]: Entering directory '/home/anhtu/Downloads/ev_charger_ui/build-libocpp-frdm/CMakeFiles/CMakeTmp'
Building C object CMakeFiles/cmTC_aca02.dir/src.c.o
/usr/bin/aarch64-linux-gnu-gcc --sysroot=/home/anhtu/Downloads/ev_charger_ui/sysroot_frdm -DKEYWORD=__inline -DLWS_HAVE_INTTYPES_H   -o CMakeFiles/cmTC_aca02.dir/src.c.o -c /home/anhtu/Downloads/ev_charger_ui/build-libocpp-frdm/CMakeFiles/CMakeTmp/src.c
Linking C executable cmTC_aca02
/usr/bin/cmake -E cmake_link_script CMakeFiles/cmTC_aca02.dir/link.txt --verbose=1
/usr/bin/aarch64-linux-gnu-gcc --sysroot=/home/anhtu/Downloads/ev_charger_ui/sysroot_frdm -L/home/anhtu/Downloads/ev_charger_ui/sysroot_frdm/usr/lib -Wl,-rpath-link,/home/anhtu/Downloads/ev_charger_ui/sysroot_frdm/usr/lib  CMakeFiles/cmTC_aca02.dir/src.c.o -o cmTC_aca02 
gmake[1]: Leaving directory '/home/anhtu/Downloads/ev_charger_ui/build-libocpp-frdm/CMakeFiles/CMakeTmp'


Source file was:
#include <inttypes.h>
void main(void) { while(1) ; } void xxexit(void){}
Performing C SOURCE FILE Test LWS_HAVE_SYS_RESOURCE_H succeeded with the following output:
Change Dir: /home/anhtu/Downloads/ev_charger_ui/build-libocpp-frdm/CMakeFiles/CMakeTmp

Run Build Command(s):/usr/bin/gmake -f Makefile cmTC_22ea6/fast && /usr/bin/gmake  -f CMakeFiles/cmTC_22ea6.dir/build.make CMakeFiles/cmTC_22ea6.dir/build
gmake[1]: Entering directory '/home/anhtu/Downloads/ev_charger_ui/build-libocpp-frdm/CMakeFiles/CMakeTmp'
Building C object CMakeFiles/cmTC_22ea6.dir/src.c.o
/usr/bin/aarch64-linux-gnu-gcc --sysroot=/home/anhtu/Downloads/ev_charger_ui/sysroot_frdm -DKEYWORD=__inline -DLWS_HAVE_SYS_RESOURCE_H   -o CMakeFiles/cmTC_22ea6.dir/src.c.o -c /home/anhtu/Downloads/ev_charger_ui/build-libocpp-frdm/CMakeFiles/CMakeTmp/src.c
Linking C executable cmTC_22ea6
/usr/bin/cmake -E cmake_link_script CMakeFiles/cmTC_22ea6.dir/link.txt --verbose=1
/usr/bin/aarch64-linux-gnu-gcc --sysroot=/home/anhtu/Downloads/ev_charger_ui/sysroot_frdm -L/home/anhtu/Downloads/ev_charger_ui/sysroot_frdm/usr/lib -Wl,-rpath-link,/home/anhtu/Downloads/ev_charger_ui/sysroot_frdm/usr/lib  CMakeFiles/cmTC_22ea6.dir/src.c.o -o cmTC_22ea6 
gmake[1]: Leaving directory '/home/anhtu/Downloads/ev_charger_ui/build-libocpp-frdm/CMakeFiles/CMakeTmp'


Source file was:
#include <sys/resource.h>
void main(void) { while(1) ; } void xxexit(void){}
Performing C SOURCE FILE Test LWS_HAVE_LINUX_IPV6_H succeeded with the following output:
Change Dir: /home/anhtu/Downloads/ev_charger_ui/build-libocpp-frdm/CMakeFiles/CMakeTmp

Run Build Command(s):/usr/bin/gmake -f Makefile cmTC_1746b/fast && /usr/bin/gmake  -f CMakeFiles/cmTC_1746b.dir/build.make CMakeFiles/cmTC_1746b.dir/build
gmake[1]: Entering directory '/home/anhtu/Downloads/ev_charger_ui/build-libocpp-frdm/CMakeFiles/CMakeTmp'
Building C object CMakeFiles/cmTC_1746b.dir/src.c.o
/usr/bin/aarch64-linux-gnu-gcc --sysroot=/home/anhtu/Downloads/ev_charger_ui/sysroot_frdm -DKEYWORD=__inline -DLWS_HAVE_LINUX_IPV6_H   -o CMakeFiles/cmTC_1746b.dir/src.c.o -c /home/anhtu/Downloads/ev_charger_ui/build-libocpp-frdm/CMakeFiles/CMakeTmp/src.c
Linking C executable cmTC_1746b
/usr/bin/cmake -E cmake_link_script CMakeFiles/cmTC_1746b.dir/link.txt --verbose=1
/usr/bin/aarch64-linux-gnu-gcc --sysroot=/home/anhtu/Downloads/ev_charger_ui/sysroot_frdm -L/home/anhtu/Downloads/ev_charger_ui/sysroot_frdm/usr/lib -Wl,-rpath-link,/home/anhtu/Downloads/ev_charger_ui/sysroot_frdm/usr/lib  CMakeFiles/cmTC_1746b.dir/src.c.o -o cmTC_1746b 
gmake[1]: Leaving directory '/home/anhtu/Downloads/ev_charger_ui/build-libocpp-frdm/CMakeFiles/CMakeTmp'


Source file was:
#include <linux/ipv6.h>
void main(void) { while(1) ; } void xxexit(void){}
Performing C SOURCE FILE Test LWS_HAVE_NET_ETHERNET_H succeeded with the following output:
Change Dir: /home/anhtu/Downloads/ev_charger_ui/build-libocpp-frdm/CMakeFiles/CMakeTmp

Run Build Command(s):/usr/bin/gmake -f Makefile cmTC_febe4/fast && /usr/bin/gmake  -f CMakeFiles/cmTC_febe4.dir/build.make CMakeFiles/cmTC_febe4.dir/build
gmake[1]: Entering directory '/home/anhtu/Downloads/ev_charger_ui/build-libocpp-frdm/CMakeFiles/CMakeTmp'
Building C object CMakeFiles/cmTC_febe4.dir/src.c.o
/usr/bin/aarch64-linux-gnu-gcc --sysroot=/home/anhtu/Downloads/ev_charger_ui/sysroot_frdm -DKEYWORD=__inline -DLWS_HAVE_NET_ETHERNET_H   -o CMakeFiles/cmTC_febe4.dir/src.c.o -c /home/anhtu/Downloads/ev_charger_ui/build-libocpp-frdm/CMakeFiles/CMakeTmp/src.c
Linking C executable cmTC_febe4
/usr/bin/cmake -E cmake_link_script CMakeFiles/cmTC_febe4.dir/link.txt --verbose=1
/usr/bin/aarch64-linux-gnu-gcc --sysroot=/home/anhtu/Downloads/ev_charger_ui/sysroot_frdm -L/home/anhtu/Downloads/ev_charger_ui/sysroot_frdm/usr/lib -Wl,-rpath-link,/home/anhtu/Downloads/ev_charger_ui/sysroot_frdm/usr/lib  CMakeFiles/cmTC_febe4.dir/src.c.o -o cmTC_febe4 
gmake[1]: Leaving directory '/home/anhtu/Downloads/ev_charger_ui/build-libocpp-frdm/CMakeFiles/CMakeTmp'


Source file was:
#include <sys/types.h>
#include <net/ethernet.h>
 void main(void) { while (1) ; } void xxexit(void){}
Performing C SOURCE FILE Test LWS_HAVE_SYSTEMD_H succeeded with the following output:
Change Dir: /home/anhtu/Downloads/ev_charger_ui/build-libocpp-frdm/CMakeFiles/CMakeTmp

Run Build Command(s):/usr/bin/gmake -f Makefile cmTC_4abaa/fast && /usr/bin/gmake  -f CMakeFiles/cmTC_4abaa.dir/build.make CMakeFiles/cmTC_4abaa.dir/build
gmake[1]: Entering directory '/home/anhtu/Downloads/ev_charger_ui/build-libocpp-frdm/CMakeFiles/CMakeTmp'
Building C object CMakeFiles/cmTC_4abaa.dir/src.c.o
/usr/bin/aarch64-linux-gnu-gcc --sysroot=/home/anhtu/Downloads/ev_charger_ui/sysroot_frdm -DKEYWORD=__inline -DLWS_HAVE_SYSTEMD_H   -o CMakeFiles/cmTC_4abaa.dir/src.c.o -c /home/anhtu/Downloads/ev_charger_ui/build-libocpp-frdm/CMakeFiles/CMakeTmp/src.c
Linking C executable cmTC_4abaa
/usr/bin/cmake -E cmake_link_script CMakeFiles/cmTC_4abaa.dir/link.txt --verbose=1
/usr/bin/aarch64-linux-gnu-gcc --sysroot=/home/anhtu/Downloads/ev_charger_ui/sysroot_frdm -L/home/anhtu/Downloads/ev_charger_ui/sysroot_frdm/usr/lib -Wl,-rpath-link,/home/anhtu/Downloads/ev_charger_ui/sysroot_frdm/usr/lib  CMakeFiles/cmTC_4abaa.dir/src.c.o -o cmTC_4abaa 
gmake[1]: Leaving directory '/home/anhtu/Downloads/ev_charger_ui/build-libocpp-frdm/CMakeFiles/CMakeTmp'


Source file was:
#include <systemd/sd-daemon.h>
void main(void) { while(1) ; } void xxexit(void){}
Determining if the function cap_set_flag exists in the cap passed with the following output:
Change Dir: /home/anhtu/Downloads/ev_charger_ui/build-libocpp-frdm/CMakeFiles/CMakeTmp

Run Build Command(s):/usr/bin/gmake -f Makefile cmTC_5f6cc/fast && /usr/bin/gmake  -f CMakeFiles/cmTC_5f6cc.dir/build.make CMakeFiles/cmTC_5f6cc.dir/build
gmake[1]: Entering directory '/home/anhtu/Downloads/ev_charger_ui/build-libocpp-frdm/CMakeFiles/CMakeTmp'
Building C object CMakeFiles/cmTC_5f6cc.dir/CheckFunctionExists.c.o
/usr/bin/aarch64-linux-gnu-gcc --sysroot=/home/anhtu/Downloads/ev_charger_ui/sysroot_frdm -DKEYWORD=__inline  -DCHECK_FUNCTION_EXISTS=cap_set_flag -o CMakeFiles/cmTC_5f6cc.dir/CheckFunctionExists.c.o -c /usr/share/cmake-3.22/Modules/CheckFunctionExists.c
Linking C executable cmTC_5f6cc
/usr/bin/cmake -E cmake_link_script CMakeFiles/cmTC_5f6cc.dir/link.txt --verbose=1
/usr/bin/aarch64-linux-gnu-gcc --sysroot=/home/anhtu/Downloads/ev_charger_ui/sysroot_frdm  -DCHECK_FUNCTION_EXISTS=cap_set_flag -L/home/anhtu/Downloads/ev_charger_ui/sysroot_frdm/usr/lib -Wl,-rpath-link,/home/anhtu/Downloads/ev_charger_ui/sysroot_frdm/usr/lib  CMakeFiles/cmTC_5f6cc.dir/CheckFunctionExists.c.o -o cmTC_5f6cc  -lcap 
gmake[1]: Leaving directory '/home/anhtu/Downloads/ev_charger_ui/build-libocpp-frdm/CMakeFiles/CMakeTmp'



Determining if files stdlib.h;stdarg.h;string.h exist passed with the following output:
Change Dir: /home/anhtu/Downloads/ev_charger_ui/build-libocpp-frdm/CMakeFiles/CMakeTmp

Run Build Command(s):/usr/bin/gmake -f Makefile cmTC_6c40c/fast && /usr/bin/gmake  -f CMakeFiles/cmTC_6c40c.dir/build.make CMakeFiles/cmTC_6c40c.dir/build
gmake[1]: Entering directory '/home/anhtu/Downloads/ev_charger_ui/build-libocpp-frdm/CMakeFiles/CMakeTmp'
Building C object CMakeFiles/cmTC_6c40c.dir/STDC_HEADERS.c.o
/usr/bin/aarch64-linux-gnu-gcc --sysroot=/home/anhtu/Downloads/ev_charger_ui/sysroot_frdm -DKEYWORD=__inline   -o CMakeFiles/cmTC_6c40c.dir/STDC_HEADERS.c.o -c /home/anhtu/Downloads/ev_charger_ui/build-libocpp-frdm/CMakeFiles/CheckIncludeFiles/STDC_HEADERS.c
Linking C executable cmTC_6c40c
/usr/bin/cmake -E cmake_link_script CMakeFiles/cmTC_6c40c.dir/link.txt --verbose=1
/usr/bin/aarch64-linux-gnu-gcc --sysroot=/home/anhtu/Downloads/ev_charger_ui/sysroot_frdm -L/home/anhtu/Downloads/ev_charger_ui/sysroot_frdm/usr/lib -Wl,-rpath-link,/home/anhtu/Downloads/ev_charger_ui/sysroot_frdm/usr/lib  CMakeFiles/cmTC_6c40c.dir/STDC_HEADERS.c.o -o cmTC_6c40c 
gmake[1]: Leaving directory '/home/anhtu/Downloads/ev_charger_ui/build-libocpp-frdm/CMakeFiles/CMakeTmp'



Performing C SOURCE FILE Test LWS_HAS_INTPTR_T succeeded with the following output:
Change Dir: /home/anhtu/Downloads/ev_charger_ui/build-libocpp-frdm/CMakeFiles/CMakeTmp

Run Build Command(s):/usr/bin/gmake -f Makefile cmTC_205a3/fast && /usr/bin/gmake  -f CMakeFiles/cmTC_205a3.dir/build.make CMakeFiles/cmTC_205a3.dir/build
gmake[1]: Entering directory '/home/anhtu/Downloads/ev_charger_ui/build-libocpp-frdm/CMakeFiles/CMakeTmp'
Building C object CMakeFiles/cmTC_205a3.dir/src.c.o
/usr/bin/aarch64-linux-gnu-gcc --sysroot=/home/anhtu/Downloads/ev_charger_ui/sysroot_frdm -DKEYWORD=__inline -DLWS_HAS_INTPTR_T   -o CMakeFiles/cmTC_205a3.dir/src.c.o -c /home/anhtu/Downloads/ev_charger_ui/build-libocpp-frdm/CMakeFiles/CMakeTmp/src.c
Linking C executable cmTC_205a3
/usr/bin/cmake -E cmake_link_script CMakeFiles/cmTC_205a3.dir/link.txt --verbose=1
/usr/bin/aarch64-linux-gnu-gcc --sysroot=/home/anhtu/Downloads/ev_charger_ui/sysroot_frdm -L/home/anhtu/Downloads/ev_charger_ui/sysroot_frdm/usr/lib -Wl,-rpath-link,/home/anhtu/Downloads/ev_charger_ui/sysroot_frdm/usr/lib  CMakeFiles/cmTC_205a3.dir/src.c.o -o cmTC_205a3 
gmake[1]: Leaving directory '/home/anhtu/Downloads/ev_charger_ui/build-libocpp-frdm/CMakeFiles/CMakeTmp'


Source file was:
#include <stdint.h> 
	int main(void) {
		intptr_t test = 1;
		return 0;
	}
Performing C SOURCE FILE Test LWS_HAS_PTHREAD_SETNAME_NP succeeded with the following output:
Change Dir: /home/anhtu/Downloads/ev_charger_ui/build-libocpp-frdm/CMakeFiles/CMakeTmp

Run Build Command(s):/usr/bin/gmake -f Makefile cmTC_83f31/fast && /usr/bin/gmake  -f CMakeFiles/cmTC_83f31.dir/build.make CMakeFiles/cmTC_83f31.dir/build
gmake[1]: Entering directory '/home/anhtu/Downloads/ev_charger_ui/build-libocpp-frdm/CMakeFiles/CMakeTmp'
Building C object CMakeFiles/cmTC_83f31.dir/src.c.o
/usr/bin/aarch64-linux-gnu-gcc --sysroot=/home/anhtu/Downloads/ev_charger_ui/sysroot_frdm -DKEYWORD=__inline -DLWS_HAS_PTHREAD_SETNAME_NP   -o CMakeFiles/cmTC_83f31.dir/src.c.o -c /home/anhtu/Downloads/ev_charger_ui/build-libocpp-frdm/CMakeFiles/CMakeTmp/src.c
/home/anhtu/Downloads/ev_charger_ui/build-libocpp-frdm/CMakeFiles/CMakeTmp/src.c: In function ‘main’:
/home/anhtu/Downloads/ev_charger_ui/build-libocpp-frdm/CMakeFiles/CMakeTmp/src.c:12:25: warning: argument 2 null where non-null expected [-Wnonnull]
   12 |                         pthread_setname_np(th, NULL);
      |                         ^~~~~~~~~~~~~~~~~~
In file included from /home/anhtu/Downloads/ev_charger_ui/build-libocpp-frdm/CMakeFiles/CMakeTmp/src.c:5:
/usr/aarch64-linux-gnu/include/pthread.h:463:12: note: in a call to function ‘pthread_setname_np’ declared ‘nonnull’
  463 | extern int pthread_setname_np (pthread_t __target_thread, const char *__name)
      |            ^~~~~~~~~~~~~~~~~~
Linking C executable cmTC_83f31
/usr/bin/cmake -E cmake_link_script CMakeFiles/cmTC_83f31.dir/link.txt --verbose=1
/usr/bin/aarch64-linux-gnu-gcc --sysroot=/home/anhtu/Downloads/ev_charger_ui/sysroot_frdm -L/home/anhtu/Downloads/ev_charger_ui/sysroot_frdm/usr/lib -Wl,-rpath-link,/home/anhtu/Downloads/ev_charger_ui/sysroot_frdm/usr/lib  CMakeFiles/cmTC_83f31.dir/src.c.o -o cmTC_83f31 
gmake[1]: Leaving directory '/home/anhtu/Downloads/ev_charger_ui/build-libocpp-frdm/CMakeFiles/CMakeTmp'


Source file was:

		#ifndef _GNU_SOURCE
		#define _GNU_SOURCE
		#endif
		#include <pthread.h>
		int main(void) {
		#ifdef __PTW32_H
			pthread_t th = {0,0};
		#else
			pthread_t th = 0;
		#endif
			pthread_setname_np(th, NULL);
			return 0;
		}
Performing C SOURCE FILE Test LWS_HAS_GETOPT_LONG succeeded with the following output:
Change Dir: /home/anhtu/Downloads/ev_charger_ui/build-libocpp-frdm/CMakeFiles/CMakeTmp

Run Build Command(s):/usr/bin/gmake -f Makefile cmTC_b1a8f/fast && /usr/bin/gmake  -f CMakeFiles/cmTC_b1a8f.dir/build.make CMakeFiles/cmTC_b1a8f.dir/build
gmake[1]: Entering directory '/home/anhtu/Downloads/ev_charger_ui/build-libocpp-frdm/CMakeFiles/CMakeTmp'
Building C object CMakeFiles/cmTC_b1a8f.dir/src.c.o
/usr/bin/aarch64-linux-gnu-gcc --sysroot=/home/anhtu/Downloads/ev_charger_ui/sysroot_frdm -DKEYWORD=__inline -DLWS_HAS_GETOPT_LONG   -o CMakeFiles/cmTC_b1a8f.dir/src.c.o -c /home/anhtu/Downloads/ev_charger_ui/build-libocpp-frdm/CMakeFiles/CMakeTmp/src.c
Linking C executable cmTC_b1a8f
/usr/bin/cmake -E cmake_link_script CMakeFiles/cmTC_b1a8f.dir/link.txt --verbose=1
/usr/bin/aarch64-linux-gnu-gcc --sysroot=/home/anhtu/Downloads/ev_charger_ui/sysroot_frdm -L/home/anhtu/Downloads/ev_charger_ui/sysroot_frdm/usr/lib -Wl,-rpath-link,/home/anhtu/Downloads/ev_charger_ui/sysroot_frdm/usr/lib  CMakeFiles/cmTC_b1a8f.dir/src.c.o -o cmTC_b1a8f 
gmake[1]: Leaving directory '/home/anhtu/Downloads/ev_charger_ui/build-libocpp-frdm/CMakeFiles/CMakeTmp'


Source file was:
#include <stddef.h>
	#include <getopt.h>
	int main(void) {
		void *p = (void *)getopt_long;
		return p != NULL;
	}
Performing C SOURCE FILE Test LWS_HAVE_RTA_PREF succeeded with the following output:
Change Dir: /home/anhtu/Downloads/ev_charger_ui/build-libocpp-frdm/CMakeFiles/CMakeTmp

Run Build Command(s):/usr/bin/gmake -f Makefile cmTC_8a5d3/fast && /usr/bin/gmake  -f CMakeFiles/cmTC_8a5d3.dir/build.make CMakeFiles/cmTC_8a5d3.dir/build
gmake[1]: Entering directory '/home/anhtu/Downloads/ev_charger_ui/build-libocpp-frdm/CMakeFiles/CMakeTmp'
Building C object CMakeFiles/cmTC_8a5d3.dir/src.c.o
/usr/bin/aarch64-linux-gnu-gcc --sysroot=/home/anhtu/Downloads/ev_charger_ui/sysroot_frdm -DKEYWORD=__inline -DLWS_HAVE_RTA_PREF   -o CMakeFiles/cmTC_8a5d3.dir/src.c.o -c /home/anhtu/Downloads/ev_charger_ui/build-libocpp-frdm/CMakeFiles/CMakeTmp/src.c
Linking C executable cmTC_8a5d3
/usr/bin/cmake -E cmake_link_script CMakeFiles/cmTC_8a5d3.dir/link.txt --verbose=1
/usr/bin/aarch64-linux-gnu-gcc --sysroot=/home/anhtu/Downloads/ev_charger_ui/sysroot_frdm -L/home/anhtu/Downloads/ev_charger_ui/sysroot_frdm/usr/lib -Wl,-rpath-link,/home/anhtu/Downloads/ev_charger_ui/sysroot_frdm/usr/lib  CMakeFiles/cmTC_8a5d3.dir/src.c.o -o cmTC_8a5d3 
gmake[1]: Leaving directory '/home/anhtu/Downloads/ev_charger_ui/build-libocpp-frdm/CMakeFiles/CMakeTmp'


Source file was:
#include <linux/rtnetlink.h>
	int main(void) {
		int test = RTA_PREF;
		return 0;
	}
Performing C SOURCE FILE Test LWS_HAVE_SUSECONDS_T succeeded with the following output:
Change Dir: /home/anhtu/Downloads/ev_charger_ui/build-libocpp-frdm/CMakeFiles/CMakeTmp

Run Build Command(s):/usr/bin/gmake -f Makefile cmTC_2e4a8/fast && /usr/bin/gmake  -f CMakeFiles/cmTC_2e4a8.dir/build.make CMakeFiles/cmTC_2e4a8.dir/build
gmake[1]: Entering directory '/home/anhtu/Downloads/ev_charger_ui/build-libocpp-frdm/CMakeFiles/CMakeTmp'
Building C object CMakeFiles/cmTC_2e4a8.dir/src.c.o
/usr/bin/aarch64-linux-gnu-gcc --sysroot=/home/anhtu/Downloads/ev_charger_ui/sysroot_frdm -DKEYWORD=__inline -DLWS_HAVE_SUSECONDS_T   -o CMakeFiles/cmTC_2e4a8.dir/src.c.o -c /home/anhtu/Downloads/ev_charger_ui/build-libocpp-frdm/CMakeFiles/CMakeTmp/src.c
Linking C executable cmTC_2e4a8
/usr/bin/cmake -E cmake_link_script CMakeFiles/cmTC_2e4a8.dir/link.txt --verbose=1
/usr/bin/aarch64-linux-gnu-gcc --sysroot=/home/anhtu/Downloads/ev_charger_ui/sysroot_frdm -L/home/anhtu/Downloads/ev_charger_ui/sysroot_frdm/usr/lib -Wl,-rpath-link,/home/anhtu/Downloads/ev_charger_ui/sysroot_frdm/usr/lib  CMakeFiles/cmTC_2e4a8.dir/src.c.o -o cmTC_2e4a8 
gmake[1]: Leaving directory '/home/anhtu/Downloads/ev_charger_ui/build-libocpp-frdm/CMakeFiles/CMakeTmp'


Source file was:
#include <sys/types.h>
	int main(void) {
		suseconds_t x = 0;
		return (int)x;
	}
Performing C SOURCE FILE Test LWS_HAVE_VISIBILITY succeeded with the following output:
Change Dir: /home/anhtu/Downloads/ev_charger_ui/build-libocpp-frdm/CMakeFiles/CMakeTmp

Run Build Command(s):/usr/bin/gmake -f Makefile cmTC_5fe6e/fast && /usr/bin/gmake  -f CMakeFiles/cmTC_5fe6e.dir/build.make CMakeFiles/cmTC_5fe6e.dir/build
gmake[1]: Entering directory '/home/anhtu/Downloads/ev_charger_ui/build-libocpp-frdm/CMakeFiles/CMakeTmp'
Building C object CMakeFiles/cmTC_5fe6e.dir/src.c.o
/usr/bin/aarch64-linux-gnu-gcc --sysroot=/home/anhtu/Downloads/ev_charger_ui/sysroot_frdm -DLWS_HAVE_VISIBILITY  -fvisibility=hidden -o CMakeFiles/cmTC_5fe6e.dir/src.c.o -c /home/anhtu/Downloads/ev_charger_ui/build-libocpp-frdm/CMakeFiles/CMakeTmp/src.c
Linking C executable cmTC_5fe6e
/usr/bin/cmake -E cmake_link_script CMakeFiles/cmTC_5fe6e.dir/link.txt --verbose=1
/usr/bin/aarch64-linux-gnu-gcc --sysroot=/home/anhtu/Downloads/ev_charger_ui/sysroot_frdm -L/home/anhtu/Downloads/ev_charger_ui/sysroot_frdm/usr/lib -Wl,-rpath-link,/home/anhtu/Downloads/ev_charger_ui/sysroot_frdm/usr/lib  CMakeFiles/cmTC_5fe6e.dir/src.c.o -o cmTC_5fe6e 
gmake[1]: Leaving directory '/home/anhtu/Downloads/ev_charger_ui/build-libocpp-frdm/CMakeFiles/CMakeTmp'


Source file was:
int main(void) { return 0; }
Performing C SOURCE FILE Test LWS_GCC_HAS_IGNORED_QUALIFIERS succeeded with the following output:
Change Dir: /home/anhtu/Downloads/ev_charger_ui/build-libocpp-frdm/CMakeFiles/CMakeTmp

Run Build Command(s):/usr/bin/gmake -f Makefile cmTC_c44a6/fast && /usr/bin/gmake  -f CMakeFiles/cmTC_c44a6.dir/build.make CMakeFiles/cmTC_c44a6.dir/build
gmake[1]: Entering directory '/home/anhtu/Downloads/ev_charger_ui/build-libocpp-frdm/CMakeFiles/CMakeTmp'
Building C object CMakeFiles/cmTC_c44a6.dir/src.c.o
/usr/bin/aarch64-linux-gnu-gcc --sysroot=/home/anhtu/Downloads/ev_charger_ui/sysroot_frdm -DLWS_GCC_HAS_IGNORED_QUALIFIERS  -Wignored-qualifiers -o CMakeFiles/cmTC_c44a6.dir/src.c.o -c /home/anhtu/Downloads/ev_charger_ui/build-libocpp-frdm/CMakeFiles/CMakeTmp/src.c
Linking C executable cmTC_c44a6
/usr/bin/cmake -E cmake_link_script CMakeFiles/cmTC_c44a6.dir/link.txt --verbose=1
/usr/bin/aarch64-linux-gnu-gcc --sysroot=/home/anhtu/Downloads/ev_charger_ui/sysroot_frdm -L/home/anhtu/Downloads/ev_charger_ui/sysroot_frdm/usr/lib -Wl,-rpath-link,/home/anhtu/Downloads/ev_charger_ui/sysroot_frdm/usr/lib  CMakeFiles/cmTC_c44a6.dir/src.c.o -o cmTC_c44a6 
gmake[1]: Leaving directory '/home/anhtu/Downloads/ev_charger_ui/build-libocpp-frdm/CMakeFiles/CMakeTmp'


Source file was:
int main(void) { return 0; }
Performing C SOURCE FILE Test LWS_GCC_HAS_TYPE_LIMITS succeeded with the following output:
Change Dir: /home/anhtu/Downloads/ev_charger_ui/build-libocpp-frdm/CMakeFiles/CMakeTmp

Run Build Command(s):/usr/bin/gmake -f Makefile cmTC_7c219/fast && /usr/bin/gmake  -f CMakeFiles/cmTC_7c219.dir/build.make CMakeFiles/cmTC_7c219.dir/build
gmake[1]: Entering directory '/home/anhtu/Downloads/ev_charger_ui/build-libocpp-frdm/CMakeFiles/CMakeTmp'
Building C object CMakeFiles/cmTC_7c219.dir/src.c.o
/usr/bin/aarch64-linux-gnu-gcc --sysroot=/home/anhtu/Downloads/ev_charger_ui/sysroot_frdm -DLWS_GCC_HAS_TYPE_LIMITS  -Wtype-limits -o CMakeFiles/cmTC_7c219.dir/src.c.o -c /home/anhtu/Downloads/ev_charger_ui/build-libocpp-frdm/CMakeFiles/CMakeTmp/src.c
Linking C executable cmTC_7c219
/usr/bin/cmake -E cmake_link_script CMakeFiles/cmTC_7c219.dir/link.txt --verbose=1
/usr/bin/aarch64-linux-gnu-gcc --sysroot=/home/anhtu/Downloads/ev_charger_ui/sysroot_frdm -L/home/anhtu/Downloads/ev_charger_ui/sysroot_frdm/usr/lib -Wl,-rpath-link,/home/anhtu/Downloads/ev_charger_ui/sysroot_frdm/usr/lib  CMakeFiles/cmTC_7c219.dir/src.c.o -o cmTC_7c219 
gmake[1]: Leaving directory '/home/anhtu/Downloads/ev_charger_ui/build-libocpp-frdm/CMakeFiles/CMakeTmp'


Source file was:
int main(void) { return 0; }
Performing C SOURCE FILE Test LWS_GCC_HAS_NO_DEPRECATED_DECLARATIONS succeeded with the following output:
Change Dir: /home/anhtu/Downloads/ev_charger_ui/build-libocpp-frdm/CMakeFiles/CMakeTmp

Run Build Command(s):/usr/bin/gmake -f Makefile cmTC_c38d1/fast && /usr/bin/gmake  -f CMakeFiles/cmTC_c38d1.dir/build.make CMakeFiles/cmTC_c38d1.dir/build
gmake[1]: Entering directory '/home/anhtu/Downloads/ev_charger_ui/build-libocpp-frdm/CMakeFiles/CMakeTmp'
Building C object CMakeFiles/cmTC_c38d1.dir/src.c.o
/usr/bin/aarch64-linux-gnu-gcc --sysroot=/home/anhtu/Downloads/ev_charger_ui/sysroot_frdm -DLWS_GCC_HAS_NO_DEPRECATED_DECLARATIONS  -Wno-deprecated-declarations -o CMakeFiles/cmTC_c38d1.dir/src.c.o -c /home/anhtu/Downloads/ev_charger_ui/build-libocpp-frdm/CMakeFiles/CMakeTmp/src.c
Linking C executable cmTC_c38d1
/usr/bin/cmake -E cmake_link_script CMakeFiles/cmTC_c38d1.dir/link.txt --verbose=1
/usr/bin/aarch64-linux-gnu-gcc --sysroot=/home/anhtu/Downloads/ev_charger_ui/sysroot_frdm -L/home/anhtu/Downloads/ev_charger_ui/sysroot_frdm/usr/lib -Wl,-rpath-link,/home/anhtu/Downloads/ev_charger_ui/sysroot_frdm/usr/lib  CMakeFiles/cmTC_c38d1.dir/src.c.o -o cmTC_c38d1 
gmake[1]: Leaving directory '/home/anhtu/Downloads/ev_charger_ui/build-libocpp-frdm/CMakeFiles/CMakeTmp'


Source file was:
int main(void) { return 0; }
Determining if the function eventfd_read exists passed with the following output:
Change Dir: /home/anhtu/Downloads/ev_charger_ui/build-libocpp-frdm/CMakeFiles/CMakeTmp

Run Build Command(s):/usr/bin/gmake -f Makefile cmTC_5d70b/fast && /usr/bin/gmake  -f CMakeFiles/cmTC_5d70b.dir/build.make CMakeFiles/cmTC_5d70b.dir/build
gmake[1]: Entering directory '/home/anhtu/Downloads/ev_charger_ui/build-libocpp-frdm/CMakeFiles/CMakeTmp'
Building C object CMakeFiles/cmTC_5d70b.dir/CheckFunctionExists.c.o
/usr/bin/aarch64-linux-gnu-gcc --sysroot=/home/anhtu/Downloads/ev_charger_ui/sysroot_frdm -DKEYWORD=__inline  -Wno-deprecated-declarations -Wno-deprecated -Wall -Wextra -Wno-unused-parameter -Wconversion -Wsign-compare -Wstrict-aliasing -fvisibility=hidden -Wundef  -Wuninitialized -Wtype-limits -Wignored-qualifiers   -Werror -DCHECK_FUNCTION_EXISTS=eventfd_read -o CMakeFiles/cmTC_5d70b.dir/CheckFunctionExists.c.o -c /usr/share/cmake-3.22/Modules/CheckFunctionExists.c
Linking C executable cmTC_5d70b
/usr/bin/cmake -E cmake_link_script CMakeFiles/cmTC_5d70b.dir/link.txt --verbose=1
/usr/bin/aarch64-linux-gnu-gcc --sysroot=/home/anhtu/Downloads/ev_charger_ui/sysroot_frdm -Wno-deprecated-declarations -Wno-deprecated -Wall -Wextra -Wno-unused-parameter -Wconversion -Wsign-compare -Wstrict-aliasing -fvisibility=hidden -Wundef  -Wuninitialized -Wtype-limits -Wignored-qualifiers   -Werror -DCHECK_FUNCTION_EXISTS=eventfd_read -L/home/anhtu/Downloads/ev_charger_ui/sysroot_frdm/usr/lib -Wl,-rpath-link,/home/anhtu/Downloads/ev_charger_ui/sysroot_frdm/usr/lib  CMakeFiles/cmTC_5d70b.dir/CheckFunctionExists.c.o -o cmTC_5d70b 
gmake[1]: Leaving directory '/home/anhtu/Downloads/ev_charger_ui/build-libocpp-frdm/CMakeFiles/CMakeTmp'



Performing C SOURCE FILE Test LWS_HAVE_PIPE2 succeeded with the following output:
Change Dir: /home/anhtu/Downloads/ev_charger_ui/build-libocpp-frdm/CMakeFiles/CMakeTmp

Run Build Command(s):/usr/bin/gmake -f Makefile cmTC_9eb7d/fast && /usr/bin/gmake  -f CMakeFiles/cmTC_9eb7d.dir/build.make CMakeFiles/cmTC_9eb7d.dir/build
gmake[1]: Entering directory '/home/anhtu/Downloads/ev_charger_ui/build-libocpp-frdm/CMakeFiles/CMakeTmp'
Building C object CMakeFiles/cmTC_9eb7d.dir/src.c.o
/usr/bin/aarch64-linux-gnu-gcc --sysroot=/home/anhtu/Downloads/ev_charger_ui/sysroot_frdm -DKEYWORD=__inline -DLWS_HAVE_PIPE2  -Wno-deprecated-declarations -Wno-deprecated -Wall -Wextra -Wno-unused-parameter -Wconversion -Wsign-compare -Wstrict-aliasing -fvisibility=hidden -Wundef  -Wuninitialized -Wtype-limits -Wignored-qualifiers   -Werror  -o CMakeFiles/cmTC_9eb7d.dir/src.c.o -c /home/anhtu/Downloads/ev_charger_ui/build-libocpp-frdm/CMakeFiles/CMakeTmp/src.c
Linking C executable cmTC_9eb7d
/usr/bin/cmake -E cmake_link_script CMakeFiles/cmTC_9eb7d.dir/link.txt --verbose=1
/usr/bin/aarch64-linux-gnu-gcc --sysroot=/home/anhtu/Downloads/ev_charger_ui/sysroot_frdm -Wno-deprecated-declarations -Wno-deprecated -Wall -Wextra -Wno-unused-parameter -Wconversion -Wsign-compare -Wstrict-aliasing -fvisibility=hidden -Wundef  -Wuninitialized -Wtype-limits -Wignored-qualifiers   -Werror  -L/home/anhtu/Downloads/ev_charger_ui/sysroot_frdm/usr/lib -Wl,-rpath-link,/home/anhtu/Downloads/ev_charger_ui/sysroot_frdm/usr/lib  CMakeFiles/cmTC_9eb7d.dir/src.c.o -o cmTC_9eb7d  /home/anhtu/Downloads/ev_charger_ui/sysroot_frdm/usr/lib/libcap.so 
gmake[1]: Leaving directory '/home/anhtu/Downloads/ev_charger_ui/build-libocpp-frdm/CMakeFiles/CMakeTmp'


Source file was:

	#ifndef _GNU_SOURCE
	#define _GNU_SOURCE
	#endif
	#include <unistd.h>
	int main(void) {
		int fd[2];
		return pipe2(fd, 0);
	}
Performing C SOURCE FILE Test LWS_HAVE_TCP_USER_TIMEOUT succeeded with the following output:
Change Dir: /home/anhtu/Downloads/ev_charger_ui/build-libocpp-frdm/CMakeFiles/CMakeTmp

Run Build Command(s):/usr/bin/gmake -f Makefile cmTC_cbe00/fast && /usr/bin/gmake  -f CMakeFiles/cmTC_cbe00.dir/build.make CMakeFiles/cmTC_cbe00.dir/build
gmake[1]: Entering directory '/home/anhtu/Downloads/ev_charger_ui/build-libocpp-frdm/CMakeFiles/CMakeTmp'
Building C object CMakeFiles/cmTC_cbe00.dir/src.c.o
/usr/bin/aarch64-linux-gnu-gcc --sysroot=/home/anhtu/Downloads/ev_charger_ui/sysroot_frdm -DKEYWORD=__inline -DLWS_HAVE_TCP_USER_TIMEOUT  -Wno-deprecated-declarations -Wno-deprecated -Wall -Wextra -Wno-unused-parameter -Wconversion -Wsign-compare -Wstrict-aliasing -fvisibility=hidden -Wundef  -Wuninitialized -Wtype-limits -Wignored-qualifiers   -Werror  -o CMakeFiles/cmTC_cbe00.dir/src.c.o -c /home/anhtu/Downloads/ev_charger_ui/build-libocpp-frdm/CMakeFiles/CMakeTmp/src.c
Linking C executable cmTC_cbe00
/usr/bin/cmake -E cmake_link_script CMakeFiles/cmTC_cbe00.dir/link.txt --verbose=1
/usr/bin/aarch64-linux-gnu-gcc --sysroot=/home/anhtu/Downloads/ev_charger_ui/sysroot_frdm -Wno-deprecated-declarations -Wno-deprecated -Wall -Wextra -Wno-unused-parameter -Wconversion -Wsign-compare -Wstrict-aliasing -fvisibility=hidden -Wundef  -Wuninitialized -Wtype-limits -Wignored-qualifiers   -Werror  -L/home/anhtu/Downloads/ev_charger_ui/sysroot_frdm/usr/lib -Wl,-rpath-link,/home/anhtu/Downloads/ev_charger_ui/sysroot_frdm/usr/lib  CMakeFiles/cmTC_cbe00.dir/src.c.o -o cmTC_cbe00  /home/anhtu/Downloads/ev_charger_ui/sysroot_frdm/usr/lib/libcap.so 
gmake[1]: Leaving directory '/home/anhtu/Downloads/ev_charger_ui/build-libocpp-frdm/CMakeFiles/CMakeTmp'


Source file was:
#include <netinet/tcp.h>
int main(void) { return TCP_USER_TIMEOUT; }

Determining if the include file openssl/ecdh.h exists passed with the following output:
Change Dir: /home/anhtu/Downloads/ev_charger_ui/build-libocpp-frdm/CMakeFiles/CMakeTmp

Run Build Command(s):/usr/bin/gmake -f Makefile cmTC_2ef4f/fast && /usr/bin/gmake  -f CMakeFiles/cmTC_2ef4f.dir/build.make CMakeFiles/cmTC_2ef4f.dir/build
gmake[1]: Entering directory '/home/anhtu/Downloads/ev_charger_ui/build-libocpp-frdm/CMakeFiles/CMakeTmp'
Building C object CMakeFiles/cmTC_2ef4f.dir/CheckIncludeFile.c.o
/usr/bin/aarch64-linux-gnu-gcc --sysroot=/home/anhtu/Downloads/ev_charger_ui/sysroot_frdm -DKEYWORD=__inline  -Wno-deprecated-declarations -Wno-deprecated -Wall -Wextra -Wno-unused-parameter -Wconversion -Wsign-compare -Wstrict-aliasing -fvisibility=hidden -Wundef  -Wuninitialized -Wtype-limits -Wignored-qualifiers   -Werror  -o CMakeFiles/cmTC_2ef4f.dir/CheckIncludeFile.c.o -c /home/anhtu/Downloads/ev_charger_ui/build-libocpp-frdm/CMakeFiles/CMakeTmp/CheckIncludeFile.c
Linking C executable cmTC_2ef4f
/usr/bin/cmake -E cmake_link_script CMakeFiles/cmTC_2ef4f.dir/link.txt --verbose=1
/usr/bin/aarch64-linux-gnu-gcc --sysroot=/home/anhtu/Downloads/ev_charger_ui/sysroot_frdm -Wno-deprecated-declarations -Wno-deprecated -Wall -Wextra -Wno-unused-parameter -Wconversion -Wsign-compare -Wstrict-aliasing -fvisibility=hidden -Wundef  -Wuninitialized -Wtype-limits -Wignored-qualifiers   -Werror  -L/home/anhtu/Downloads/ev_charger_ui/sysroot_frdm/usr/lib -Wl,-rpath-link,/home/anhtu/Downloads/ev_charger_ui/sysroot_frdm/usr/lib  CMakeFiles/cmTC_2ef4f.dir/CheckIncludeFile.c.o -o cmTC_2ef4f  /home/anhtu/Downloads/ev_charger_ui/sysroot_frdm/usr/lib/libcap.so 
gmake[1]: Leaving directory '/home/anhtu/Downloads/ev_charger_ui/build-libocpp-frdm/CMakeFiles/CMakeTmp'



Determining if the function SSL_CTX_set1_param exists passed with the following output:
Change Dir: /home/anhtu/Downloads/ev_charger_ui/build-libocpp-frdm/CMakeFiles/CMakeTmp

Run Build Command(s):/usr/bin/gmake -f Makefile cmTC_10154/fast && /usr/bin/gmake  -f CMakeFiles/cmTC_10154.dir/build.make CMakeFiles/cmTC_10154.dir/build
gmake[1]: Entering directory '/home/anhtu/Downloads/ev_charger_ui/build-libocpp-frdm/CMakeFiles/CMakeTmp'
Building C object CMakeFiles/cmTC_10154.dir/CheckFunctionExists.c.o
/usr/bin/aarch64-linux-gnu-gcc --sysroot=/home/anhtu/Downloads/ev_charger_ui/sysroot_frdm -DKEYWORD=__inline  -Wno-deprecated-declarations -Wno-deprecated -Wall -Wextra -Wno-unused-parameter -Wconversion -Wsign-compare -Wstrict-aliasing -fvisibility=hidden -Wundef  -Wuninitialized -Wtype-limits -Wignored-qualifiers   -Werror -DCHECK_FUNCTION_EXISTS=SSL_CTX_set1_param -o CMakeFiles/cmTC_10154.dir/CheckFunctionExists.c.o -c /usr/share/cmake-3.22/Modules/CheckFunctionExists.c
Linking C executable cmTC_10154
/usr/bin/cmake -E cmake_link_script CMakeFiles/cmTC_10154.dir/link.txt --verbose=1
/usr/bin/aarch64-linux-gnu-gcc --sysroot=/home/anhtu/Downloads/ev_charger_ui/sysroot_frdm -Wno-deprecated-declarations -Wno-deprecated -Wall -Wextra -Wno-unused-parameter -Wconversion -Wsign-compare -Wstrict-aliasing -fvisibility=hidden -Wundef  -Wuninitialized -Wtype-limits -Wignored-qualifiers   -Werror -DCHECK_FUNCTION_EXISTS=SSL_CTX_set1_param -L/home/anhtu/Downloads/ev_charger_ui/sysroot_frdm/usr/lib -Wl,-rpath-link,/home/anhtu/Downloads/ev_charger_ui/sysroot_frdm/usr/lib  CMakeFiles/cmTC_10154.dir/CheckFunctionExists.c.o -o cmTC_10154  /home/anhtu/Downloads/ev_charger_ui/sysroot_frdm/usr/lib/libssl.so /home/anhtu/Downloads/ev_charger_ui/sysroot_frdm/usr/lib/libcrypto.so /home/anhtu/Downloads/ev_charger_ui/sysroot_frdm/usr/lib/libcap.so -ldl -lpthread 
gmake[1]: Leaving directory '/home/anhtu/Downloads/ev_charger_ui/build-libocpp-frdm/CMakeFiles/CMakeTmp'



Determining if the function SSL_set_info_callback exists passed with the following output:
Change Dir: /home/anhtu/Downloads/ev_charger_ui/build-libocpp-frdm/CMakeFiles/CMakeTmp

Run Build Command(s):/usr/bin/gmake -f Makefile cmTC_6042c/fast && /usr/bin/gmake  -f CMakeFiles/cmTC_6042c.dir/build.make CMakeFiles/cmTC_6042c.dir/build
gmake[1]: Entering directory '/home/anhtu/Downloads/ev_charger_ui/build-libocpp-frdm/CMakeFiles/CMakeTmp'
Building C object CMakeFiles/cmTC_6042c.dir/CheckFunctionExists.c.o
/usr/bin/aarch64-linux-gnu-gcc --sysroot=/home/anhtu/Downloads/ev_charger_ui/sysroot_frdm -DKEYWORD=__inline  -Wno-deprecated-declarations -Wno-deprecated -Wall -Wextra -Wno-unused-parameter -Wconversion -Wsign-compare -Wstrict-aliasing -fvisibility=hidden -Wundef  -Wuninitialized -Wtype-limits -Wignored-qualifiers   -Werror -DCHECK_FUNCTION_EXISTS=SSL_set_info_callback -o CMakeFiles/cmTC_6042c.dir/CheckFunctionExists.c.o -c /usr/share/cmake-3.22/Modules/CheckFunctionExists.c
Linking C executable cmTC_6042c
/usr/bin/cmake -E cmake_link_script CMakeFiles/cmTC_6042c.dir/link.txt --verbose=1
/usr/bin/aarch64-linux-gnu-gcc --sysroot=/home/anhtu/Downloads/ev_charger_ui/sysroot_frdm -Wno-deprecated-declarations -Wno-deprecated -Wall -Wextra -Wno-unused-parameter -Wconversion -Wsign-compare -Wstrict-aliasing -fvisibility=hidden -Wundef  -Wuninitialized -Wtype-limits -Wignored-qualifiers   -Werror -DCHECK_FUNCTION_EXISTS=SSL_set_info_callback -L/home/anhtu/Downloads/ev_charger_ui/sysroot_frdm/usr/lib -Wl,-rpath-link,/home/anhtu/Downloads/ev_charger_ui/sysroot_frdm/usr/lib  CMakeFiles/cmTC_6042c.dir/CheckFunctionExists.c.o -o cmTC_6042c  /home/anhtu/Downloads/ev_charger_ui/sysroot_frdm/usr/lib/libssl.so /home/anhtu/Downloads/ev_charger_ui/sysroot_frdm/usr/lib/libcrypto.so /home/anhtu/Downloads/ev_charger_ui/sysroot_frdm/usr/lib/libcap.so -ldl -lpthread 
gmake[1]: Leaving directory '/home/anhtu/Downloads/ev_charger_ui/build-libocpp-frdm/CMakeFiles/CMakeTmp'



Determining if the function X509_VERIFY_PARAM_set1_host exists passed with the following output:
Change Dir: /home/anhtu/Downloads/ev_charger_ui/build-libocpp-frdm/CMakeFiles/CMakeTmp

Run Build Command(s):/usr/bin/gmake -f Makefile cmTC_b7565/fast && /usr/bin/gmake  -f CMakeFiles/cmTC_b7565.dir/build.make CMakeFiles/cmTC_b7565.dir/build
gmake[1]: Entering directory '/home/anhtu/Downloads/ev_charger_ui/build-libocpp-frdm/CMakeFiles/CMakeTmp'
Building C object CMakeFiles/cmTC_b7565.dir/CheckFunctionExists.c.o
/usr/bin/aarch64-linux-gnu-gcc --sysroot=/home/anhtu/Downloads/ev_charger_ui/sysroot_frdm -DKEYWORD=__inline  -Wno-deprecated-declarations -Wno-deprecated -Wall -Wextra -Wno-unused-parameter -Wconversion -Wsign-compare -Wstrict-aliasing -fvisibility=hidden -Wundef  -Wuninitialized -Wtype-limits -Wignored-qualifiers   -Werror -DCHECK_FUNCTION_EXISTS=X509_VERIFY_PARAM_set1_host -o CMakeFiles/cmTC_b7565.dir/CheckFunctionExists.c.o -c /usr/share/cmake-3.22/Modules/CheckFunctionExists.c
Linking C executable cmTC_b7565
/usr/bin/cmake -E cmake_link_script CMakeFiles/cmTC_b7565.dir/link.txt --verbose=1
/usr/bin/aarch64-linux-gnu-gcc --sysroot=/home/anhtu/Downloads/ev_charger_ui/sysroot_frdm -Wno-deprecated-declarations -Wno-deprecated -Wall -Wextra -Wno-unused-parameter -Wconversion -Wsign-compare -Wstrict-aliasing -fvisibility=hidden -Wundef  -Wuninitialized -Wtype-limits -Wignored-qualifiers   -Werror -DCHECK_FUNCTION_EXISTS=X509_VERIFY_PARAM_set1_host -L/home/anhtu/Downloads/ev_charger_ui/sysroot_frdm/usr/lib -Wl,-rpath-link,/home/anhtu/Downloads/ev_charger_ui/sysroot_frdm/usr/lib  CMakeFiles/cmTC_b7565.dir/CheckFunctionExists.c.o -o cmTC_b7565  /home/anhtu/Downloads/ev_charger_ui/sysroot_frdm/usr/lib/libssl.so /home/anhtu/Downloads/ev_charger_ui/sysroot_frdm/usr/lib/libcrypto.so /home/anhtu/Downloads/ev_charger_ui/sysroot_frdm/usr/lib/libcap.so -ldl -lpthread 
gmake[1]: Leaving directory '/home/anhtu/Downloads/ev_charger_ui/build-libocpp-frdm/CMakeFiles/CMakeTmp'



Determining if the function RSA_set0_key exists passed with the following output:
Change Dir: /home/anhtu/Downloads/ev_charger_ui/build-libocpp-frdm/CMakeFiles/CMakeTmp

Run Build Command(s):/usr/bin/gmake -f Makefile cmTC_6e409/fast && /usr/bin/gmake  -f CMakeFiles/cmTC_6e409.dir/build.make CMakeFiles/cmTC_6e409.dir/build
gmake[1]: Entering directory '/home/anhtu/Downloads/ev_charger_ui/build-libocpp-frdm/CMakeFiles/CMakeTmp'
Building C object CMakeFiles/cmTC_6e409.dir/CheckFunctionExists.c.o
/usr/bin/aarch64-linux-gnu-gcc --sysroot=/home/anhtu/Downloads/ev_charger_ui/sysroot_frdm -DKEYWORD=__inline  -Wno-deprecated-declarations -Wno-deprecated -Wall -Wextra -Wno-unused-parameter -Wconversion -Wsign-compare -Wstrict-aliasing -fvisibility=hidden -Wundef  -Wuninitialized -Wtype-limits -Wignored-qualifiers   -Werror -DCHECK_FUNCTION_EXISTS=RSA_set0_key -o CMakeFiles/cmTC_6e409.dir/CheckFunctionExists.c.o -c /usr/share/cmake-3.22/Modules/CheckFunctionExists.c
Linking C executable cmTC_6e409
/usr/bin/cmake -E cmake_link_script CMakeFiles/cmTC_6e409.dir/link.txt --verbose=1
/usr/bin/aarch64-linux-gnu-gcc --sysroot=/home/anhtu/Downloads/ev_charger_ui/sysroot_frdm -Wno-deprecated-declarations -Wno-deprecated -Wall -Wextra -Wno-unused-parameter -Wconversion -Wsign-compare -Wstrict-aliasing -fvisibility=hidden -Wundef  -Wuninitialized -Wtype-limits -Wignored-qualifiers   -Werror -DCHECK_FUNCTION_EXISTS=RSA_set0_key -L/home/anhtu/Downloads/ev_charger_ui/sysroot_frdm/usr/lib -Wl,-rpath-link,/home/anhtu/Downloads/ev_charger_ui/sysroot_frdm/usr/lib  CMakeFiles/cmTC_6e409.dir/CheckFunctionExists.c.o -o cmTC_6e409  /home/anhtu/Downloads/ev_charger_ui/sysroot_frdm/usr/lib/libssl.so /home/anhtu/Downloads/ev_charger_ui/sysroot_frdm/usr/lib/libcrypto.so /home/anhtu/Downloads/ev_charger_ui/sysroot_frdm/usr/lib/libcap.so -ldl -lpthread 
gmake[1]: Leaving directory '/home/anhtu/Downloads/ev_charger_ui/build-libocpp-frdm/CMakeFiles/CMakeTmp'



Determining if the function X509_get_key_usage exists passed with the following output:
Change Dir: /home/anhtu/Downloads/ev_charger_ui/build-libocpp-frdm/CMakeFiles/CMakeTmp

Run Build Command(s):/usr/bin/gmake -f Makefile cmTC_5bbdd/fast && /usr/bin/gmake  -f CMakeFiles/cmTC_5bbdd.dir/build.make CMakeFiles/cmTC_5bbdd.dir/build
gmake[1]: Entering directory '/home/anhtu/Downloads/ev_charger_ui/build-libocpp-frdm/CMakeFiles/CMakeTmp'
Building C object CMakeFiles/cmTC_5bbdd.dir/CheckFunctionExists.c.o
/usr/bin/aarch64-linux-gnu-gcc --sysroot=/home/anhtu/Downloads/ev_charger_ui/sysroot_frdm -DKEYWORD=__inline  -Wno-deprecated-declarations -Wno-deprecated -Wall -Wextra -Wno-unused-parameter -Wconversion -Wsign-compare -Wstrict-aliasing -fvisibility=hidden -Wundef  -Wuninitialized -Wtype-limits -Wignored-qualifiers   -Werror -DCHECK_FUNCTION_EXISTS=X509_get_key_usage -o CMakeFiles/cmTC_5bbdd.dir/CheckFunctionExists.c.o -c /usr/share/cmake-3.22/Modules/CheckFunctionExists.c
Linking C executable cmTC_5bbdd
/usr/bin/cmake -E cmake_link_script CMakeFiles/cmTC_5bbdd.dir/link.txt --verbose=1
/usr/bin/aarch64-linux-gnu-gcc --sysroot=/home/anhtu/Downloads/ev_charger_ui/sysroot_frdm -Wno-deprecated-declarations -Wno-deprecated -Wall -Wextra -Wno-unused-parameter -Wconversion -Wsign-compare -Wstrict-aliasing -fvisibility=hidden -Wundef  -Wuninitialized -Wtype-limits -Wignored-qualifiers   -Werror -DCHECK_FUNCTION_EXISTS=X509_get_key_usage -L/home/anhtu/Downloads/ev_charger_ui/sysroot_frdm/usr/lib -Wl,-rpath-link,/home/anhtu/Downloads/ev_charger_ui/sysroot_frdm/usr/lib  CMakeFiles/cmTC_5bbdd.dir/CheckFunctionExists.c.o -o cmTC_5bbdd  /home/anhtu/Downloads/ev_charger_ui/sysroot_frdm/usr/lib/libssl.so /home/anhtu/Downloads/ev_charger_ui/sysroot_frdm/usr/lib/libcrypto.so /home/anhtu/Downloads/ev_charger_ui/sysroot_frdm/usr/lib/libcap.so -ldl -lpthread 
gmake[1]: Leaving directory '/home/anhtu/Downloads/ev_charger_ui/build-libocpp-frdm/CMakeFiles/CMakeTmp'



Determining if the function SSL_CTX_get0_certificate exists passed with the following output:
Change Dir: /home/anhtu/Downloads/ev_charger_ui/build-libocpp-frdm/CMakeFiles/CMakeTmp

Run Build Command(s):/usr/bin/gmake -f Makefile cmTC_f5ff2/fast && /usr/bin/gmake  -f CMakeFiles/cmTC_f5ff2.dir/build.make CMakeFiles/cmTC_f5ff2.dir/build
gmake[1]: Entering directory '/home/anhtu/Downloads/ev_charger_ui/build-libocpp-frdm/CMakeFiles/CMakeTmp'
Building C object CMakeFiles/cmTC_f5ff2.dir/CheckFunctionExists.c.o
/usr/bin/aarch64-linux-gnu-gcc --sysroot=/home/anhtu/Downloads/ev_charger_ui/sysroot_frdm -DKEYWORD=__inline  -Wno-deprecated-declarations -Wno-deprecated -Wall -Wextra -Wno-unused-parameter -Wconversion -Wsign-compare -Wstrict-aliasing -fvisibility=hidden -Wundef  -Wuninitialized -Wtype-limits -Wignored-qualifiers   -Werror -DCHECK_FUNCTION_EXISTS=SSL_CTX_get0_certificate -o CMakeFiles/cmTC_f5ff2.dir/CheckFunctionExists.c.o -c /usr/share/cmake-3.22/Modules/CheckFunctionExists.c
Linking C executable cmTC_f5ff2
/usr/bin/cmake -E cmake_link_script CMakeFiles/cmTC_f5ff2.dir/link.txt --verbose=1
/usr/bin/aarch64-linux-gnu-gcc --sysroot=/home/anhtu/Downloads/ev_charger_ui/sysroot_frdm -Wno-deprecated-declarations -Wno-deprecated -Wall -Wextra -Wno-unused-parameter -Wconversion -Wsign-compare -Wstrict-aliasing -fvisibility=hidden -Wundef  -Wuninitialized -Wtype-limits -Wignored-qualifiers   -Werror -DCHECK_FUNCTION_EXISTS=SSL_CTX_get0_certificate -L/home/anhtu/Downloads/ev_charger_ui/sysroot_frdm/usr/lib -Wl,-rpath-link,/home/anhtu/Downloads/ev_charger_ui/sysroot_frdm/usr/lib  CMakeFiles/cmTC_f5ff2.dir/CheckFunctionExists.c.o -o cmTC_f5ff2  /home/anhtu/Downloads/ev_charger_ui/sysroot_frdm/usr/lib/libssl.so /home/anhtu/Downloads/ev_charger_ui/sysroot_frdm/usr/lib/libcrypto.so /home/anhtu/Downloads/ev_charger_ui/sysroot_frdm/usr/lib/libcap.so -ldl -lpthread 
gmake[1]: Leaving directory '/home/anhtu/Downloads/ev_charger_ui/build-libocpp-frdm/CMakeFiles/CMakeTmp'



Determining if the function SSL_get0_alpn_selected exists passed with the following output:
Change Dir: /home/anhtu/Downloads/ev_charger_ui/build-libocpp-frdm/CMakeFiles/CMakeTmp

Run Build Command(s):/usr/bin/gmake -f Makefile cmTC_cd7c8/fast && /usr/bin/gmake  -f CMakeFiles/cmTC_cd7c8.dir/build.make CMakeFiles/cmTC_cd7c8.dir/build
gmake[1]: Entering directory '/home/anhtu/Downloads/ev_charger_ui/build-libocpp-frdm/CMakeFiles/CMakeTmp'
Building C object CMakeFiles/cmTC_cd7c8.dir/CheckFunctionExists.c.o
/usr/bin/aarch64-linux-gnu-gcc --sysroot=/home/anhtu/Downloads/ev_charger_ui/sysroot_frdm -DKEYWORD=__inline  -Wno-deprecated-declarations -Wno-deprecated -Wall -Wextra -Wno-unused-parameter -Wconversion -Wsign-compare -Wstrict-aliasing -fvisibility=hidden -Wundef  -Wuninitialized -Wtype-limits -Wignored-qualifiers   -Werror -DCHECK_FUNCTION_EXISTS=SSL_get0_alpn_selected -o CMakeFiles/cmTC_cd7c8.dir/CheckFunctionExists.c.o -c /usr/share/cmake-3.22/Modules/CheckFunctionExists.c
Linking C executable cmTC_cd7c8
/usr/bin/cmake -E cmake_link_script CMakeFiles/cmTC_cd7c8.dir/link.txt --verbose=1
/usr/bin/aarch64-linux-gnu-gcc --sysroot=/home/anhtu/Downloads/ev_charger_ui/sysroot_frdm -Wno-deprecated-declarations -Wno-deprecated -Wall -Wextra -Wno-unused-parameter -Wconversion -Wsign-compare -Wstrict-aliasing -fvisibility=hidden -Wundef  -Wuninitialized -Wtype-limits -Wignored-qualifiers   -Werror -DCHECK_FUNCTION_EXISTS=SSL_get0_alpn_selected -L/home/anhtu/Downloads/ev_charger_ui/sysroot_frdm/usr/lib -Wl,-rpath-link,/home/anhtu/Downloads/ev_charger_ui/sysroot_frdm/usr/lib  CMakeFiles/cmTC_cd7c8.dir/CheckFunctionExists.c.o -o cmTC_cd7c8  /home/anhtu/Downloads/ev_charger_ui/sysroot_frdm/usr/lib/libssl.so /home/anhtu/Downloads/ev_charger_ui/sysroot_frdm/usr/lib/libcrypto.so /home/anhtu/Downloads/ev_charger_ui/sysroot_frdm/usr/lib/libcap.so -ldl -lpthread 
gmake[1]: Leaving directory '/home/anhtu/Downloads/ev_charger_ui/build-libocpp-frdm/CMakeFiles/CMakeTmp'



Determining if the function SSL_set_alpn_protos exists passed with the following output:
Change Dir: /home/anhtu/Downloads/ev_charger_ui/build-libocpp-frdm/CMakeFiles/CMakeTmp

Run Build Command(s):/usr/bin/gmake -f Makefile cmTC_cce24/fast && /usr/bin/gmake  -f CMakeFiles/cmTC_cce24.dir/build.make CMakeFiles/cmTC_cce24.dir/build
gmake[1]: Entering directory '/home/anhtu/Downloads/ev_charger_ui/build-libocpp-frdm/CMakeFiles/CMakeTmp'
Building C object CMakeFiles/cmTC_cce24.dir/CheckFunctionExists.c.o
/usr/bin/aarch64-linux-gnu-gcc --sysroot=/home/anhtu/Downloads/ev_charger_ui/sysroot_frdm -DKEYWORD=__inline  -Wno-deprecated-declarations -Wno-deprecated -Wall -Wextra -Wno-unused-parameter -Wconversion -Wsign-compare -Wstrict-aliasing -fvisibility=hidden -Wundef  -Wuninitialized -Wtype-limits -Wignored-qualifiers   -Werror -DCHECK_FUNCTION_EXISTS=SSL_set_alpn_protos -o CMakeFiles/cmTC_cce24.dir/CheckFunctionExists.c.o -c /usr/share/cmake-3.22/Modules/CheckFunctionExists.c
Linking C executable cmTC_cce24
/usr/bin/cmake -E cmake_link_script CMakeFiles/cmTC_cce24.dir/link.txt --verbose=1
/usr/bin/aarch64-linux-gnu-gcc --sysroot=/home/anhtu/Downloads/ev_charger_ui/sysroot_frdm -Wno-deprecated-declarations -Wno-deprecated -Wall -Wextra -Wno-unused-parameter -Wconversion -Wsign-compare -Wstrict-aliasing -fvisibility=hidden -Wundef  -Wuninitialized -Wtype-limits -Wignored-qualifiers   -Werror -DCHECK_FUNCTION_EXISTS=SSL_set_alpn_protos -L/home/anhtu/Downloads/ev_charger_ui/sysroot_frdm/usr/lib -Wl,-rpath-link,/home/anhtu/Downloads/ev_charger_ui/sysroot_frdm/usr/lib  CMakeFiles/cmTC_cce24.dir/CheckFunctionExists.c.o -o cmTC_cce24  /home/anhtu/Downloads/ev_charger_ui/sysroot_frdm/usr/lib/libssl.so /home/anhtu/Downloads/ev_charger_ui/sysroot_frdm/usr/lib/libcrypto.so /home/anhtu/Downloads/ev_charger_ui/sysroot_frdm/usr/lib/libcap.so -ldl -lpthread 
gmake[1]: Leaving directory '/home/anhtu/Downloads/ev_charger_ui/build-libocpp-frdm/CMakeFiles/CMakeTmp'



Determining if the function EVP_aes_128_cfb8 exists passed with the following output:
Change Dir: /home/anhtu/Downloads/ev_charger_ui/build-libocpp-frdm/CMakeFiles/CMakeTmp

Run Build Command(s):/usr/bin/gmake -f Makefile cmTC_2de4a/fast && /usr/bin/gmake  -f CMakeFiles/cmTC_2de4a.dir/build.make CMakeFiles/cmTC_2de4a.dir/build
gmake[1]: Entering directory '/home/anhtu/Downloads/ev_charger_ui/build-libocpp-frdm/CMakeFiles/CMakeTmp'
Building C object CMakeFiles/cmTC_2de4a.dir/CheckFunctionExists.c.o
/usr/bin/aarch64-linux-gnu-gcc --sysroot=/home/anhtu/Downloads/ev_charger_ui/sysroot_frdm -DKEYWORD=__inline  -Wno-deprecated-declarations -Wno-deprecated -Wall -Wextra -Wno-unused-parameter -Wconversion -Wsign-compare -Wstrict-aliasing -fvisibility=hidden -Wundef  -Wuninitialized -Wtype-limits -Wignored-qualifiers   -Werror -DCHECK_FUNCTION_EXISTS=EVP_aes_128_cfb8 -o CMakeFiles/cmTC_2de4a.dir/CheckFunctionExists.c.o -c /usr/share/cmake-3.22/Modules/CheckFunctionExists.c
Linking C executable cmTC_2de4a
/usr/bin/cmake -E cmake_link_script CMakeFiles/cmTC_2de4a.dir/link.txt --verbose=1
/usr/bin/aarch64-linux-gnu-gcc --sysroot=/home/anhtu/Downloads/ev_charger_ui/sysroot_frdm -Wno-deprecated-declarations -Wno-deprecated -Wall -Wextra -Wno-unused-parameter -Wconversion -Wsign-compare -Wstrict-aliasing -fvisibility=hidden -Wundef  -Wuninitialized -Wtype-limits -Wignored-qualifiers   -Werror -DCHECK_FUNCTION_EXISTS=EVP_aes_128_cfb8 -L/home/anhtu/Downloads/ev_charger_ui/sysroot_frdm/usr/lib -Wl,-rpath-link,/home/anhtu/Downloads/ev_charger_ui/sysroot_frdm/usr/lib  CMakeFiles/cmTC_2de4a.dir/CheckFunctionExists.c.o -o cmTC_2de4a  /home/anhtu/Downloads/ev_charger_ui/sysroot_frdm/usr/lib/libssl.so /home/anhtu/Downloads/ev_charger_ui/sysroot_frdm/usr/lib/libcrypto.so /home/anhtu/Downloads/ev_charger_ui/sysroot_frdm/usr/lib/libcap.so -ldl -lpthread 
gmake[1]: Leaving directory '/home/anhtu/Downloads/ev_charger_ui/build-libocpp-frdm/CMakeFiles/CMakeTmp'



Determining if the function EVP_aes_128_cfb128 exists passed with the following output:
Change Dir: /home/anhtu/Downloads/ev_charger_ui/build-libocpp-frdm/CMakeFiles/CMakeTmp

Run Build Command(s):/usr/bin/gmake -f Makefile cmTC_a757d/fast && /usr/bin/gmake  -f CMakeFiles/cmTC_a757d.dir/build.make CMakeFiles/cmTC_a757d.dir/build
gmake[1]: Entering directory '/home/anhtu/Downloads/ev_charger_ui/build-libocpp-frdm/CMakeFiles/CMakeTmp'
Building C object CMakeFiles/cmTC_a757d.dir/CheckFunctionExists.c.o
/usr/bin/aarch64-linux-gnu-gcc --sysroot=/home/anhtu/Downloads/ev_charger_ui/sysroot_frdm -DKEYWORD=__inline  -Wno-deprecated-declarations -Wno-deprecated -Wall -Wextra -Wno-unused-parameter -Wconversion -Wsign-compare -Wstrict-aliasing -fvisibility=hidden -Wundef  -Wuninitialized -Wtype-limits -Wignored-qualifiers   -Werror -DCHECK_FUNCTION_EXISTS=EVP_aes_128_cfb128 -o CMakeFiles/cmTC_a757d.dir/CheckFunctionExists.c.o -c /usr/share/cmake-3.22/Modules/CheckFunctionExists.c
Linking C executable cmTC_a757d
/usr/bin/cmake -E cmake_link_script CMakeFiles/cmTC_a757d.dir/link.txt --verbose=1
/usr/bin/aarch64-linux-gnu-gcc --sysroot=/home/anhtu/Downloads/ev_charger_ui/sysroot_frdm -Wno-deprecated-declarations -Wno-deprecated -Wall -Wextra -Wno-unused-parameter -Wconversion -Wsign-compare -Wstrict-aliasing -fvisibility=hidden -Wundef  -Wuninitialized -Wtype-limits -Wignored-qualifiers   -Werror -DCHECK_FUNCTION_EXISTS=EVP_aes_128_cfb128 -L/home/anhtu/Downloads/ev_charger_ui/sysroot_frdm/usr/lib -Wl,-rpath-link,/home/anhtu/Downloads/ev_charger_ui/sysroot_frdm/usr/lib  CMakeFiles/cmTC_a757d.dir/CheckFunctionExists.c.o -o cmTC_a757d  /home/anhtu/Downloads/ev_charger_ui/sysroot_frdm/usr/lib/libssl.so /home/anhtu/Downloads/ev_charger_ui/sysroot_frdm/usr/lib/libcrypto.so /home/anhtu/Downloads/ev_charger_ui/sysroot_frdm/usr/lib/libcap.so -ldl -lpthread 
gmake[1]: Leaving directory '/home/anhtu/Downloads/ev_charger_ui/build-libocpp-frdm/CMakeFiles/CMakeTmp'



Determining if the function EVP_aes_192_cfb8 exists passed with the following output:
Change Dir: /home/anhtu/Downloads/ev_charger_ui/build-libocpp-frdm/CMakeFiles/CMakeTmp

Run Build Command(s):/usr/bin/gmake -f Makefile cmTC_45051/fast && /usr/bin/gmake  -f CMakeFiles/cmTC_45051.dir/build.make CMakeFiles/cmTC_45051.dir/build
gmake[1]: Entering directory '/home/anhtu/Downloads/ev_charger_ui/build-libocpp-frdm/CMakeFiles/CMakeTmp'
Building C object CMakeFiles/cmTC_45051.dir/CheckFunctionExists.c.o
/usr/bin/aarch64-linux-gnu-gcc --sysroot=/home/anhtu/Downloads/ev_charger_ui/sysroot_frdm -DKEYWORD=__inline  -Wno-deprecated-declarations -Wno-deprecated -Wall -Wextra -Wno-unused-parameter -Wconversion -Wsign-compare -Wstrict-aliasing -fvisibility=hidden -Wundef  -Wuninitialized -Wtype-limits -Wignored-qualifiers   -Werror -DCHECK_FUNCTION_EXISTS=EVP_aes_192_cfb8 -o CMakeFiles/cmTC_45051.dir/CheckFunctionExists.c.o -c /usr/share/cmake-3.22/Modules/CheckFunctionExists.c
Linking C executable cmTC_45051
/usr/bin/cmake -E cmake_link_script CMakeFiles/cmTC_45051.dir/link.txt --verbose=1
/usr/bin/aarch64-linux-gnu-gcc --sysroot=/home/anhtu/Downloads/ev_charger_ui/sysroot_frdm -Wno-deprecated-declarations -Wno-deprecated -Wall -Wextra -Wno-unused-parameter -Wconversion -Wsign-compare -Wstrict-aliasing -fvisibility=hidden -Wundef  -Wuninitialized -Wtype-limits -Wignored-qualifiers   -Werror -DCHECK_FUNCTION_EXISTS=EVP_aes_192_cfb8 -L/home/anhtu/Downloads/ev_charger_ui/sysroot_frdm/usr/lib -Wl,-rpath-link,/home/anhtu/Downloads/ev_charger_ui/sysroot_frdm/usr/lib  CMakeFiles/cmTC_45051.dir/CheckFunctionExists.c.o -o cmTC_45051  /home/anhtu/Downloads/ev_charger_ui/sysroot_frdm/usr/lib/libssl.so /home/anhtu/Downloads/ev_charger_ui/sysroot_frdm/usr/lib/libcrypto.so /home/anhtu/Downloads/ev_charger_ui/sysroot_frdm/usr/lib/libcap.so -ldl -lpthread 
gmake[1]: Leaving directory '/home/anhtu/Downloads/ev_charger_ui/build-libocpp-frdm/CMakeFiles/CMakeTmp'



Determining if the function EVP_aes_192_cfb128 exists passed with the following output:
Change Dir: /home/anhtu/Downloads/ev_charger_ui/build-libocpp-frdm/CMakeFiles/CMakeTmp

Run Build Command(s):/usr/bin/gmake -f Makefile cmTC_07e22/fast && /usr/bin/gmake  -f CMakeFiles/cmTC_07e22.dir/build.make CMakeFiles/cmTC_07e22.dir/build
gmake[1]: Entering directory '/home/anhtu/Downloads/ev_charger_ui/build-libocpp-frdm/CMakeFiles/CMakeTmp'
Building C object CMakeFiles/cmTC_07e22.dir/CheckFunctionExists.c.o
/usr/bin/aarch64-linux-gnu-gcc --sysroot=/home/anhtu/Downloads/ev_charger_ui/sysroot_frdm -DKEYWORD=__inline  -Wno-deprecated-declarations -Wno-deprecated -Wall -Wextra -Wno-unused-parameter -Wconversion -Wsign-compare -Wstrict-aliasing -fvisibility=hidden -Wundef  -Wuninitialized -Wtype-limits -Wignored-qualifiers   -Werror -DCHECK_FUNCTION_EXISTS=EVP_aes_192_cfb128 -o CMakeFiles/cmTC_07e22.dir/CheckFunctionExists.c.o -c /usr/share/cmake-3.22/Modules/CheckFunctionExists.c
Linking C executable cmTC_07e22
/usr/bin/cmake -E cmake_link_script CMakeFiles/cmTC_07e22.dir/link.txt --verbose=1
/usr/bin/aarch64-linux-gnu-gcc --sysroot=/home/anhtu/Downloads/ev_charger_ui/sysroot_frdm -Wno-deprecated-declarations -Wno-deprecated -Wall -Wextra -Wno-unused-parameter -Wconversion -Wsign-compare -Wstrict-aliasing -fvisibility=hidden -Wundef  -Wuninitialized -Wtype-limits -Wignored-qualifiers   -Werror -DCHECK_FUNCTION_EXISTS=EVP_aes_192_cfb128 -L/home/anhtu/Downloads/ev_charger_ui/sysroot_frdm/usr/lib -Wl,-rpath-link,/home/anhtu/Downloads/ev_charger_ui/sysroot_frdm/usr/lib  CMakeFiles/cmTC_07e22.dir/CheckFunctionExists.c.o -o cmTC_07e22  /home/anhtu/Downloads/ev_charger_ui/sysroot_frdm/usr/lib/libssl.so /home/anhtu/Downloads/ev_charger_ui/sysroot_frdm/usr/lib/libcrypto.so /home/anhtu/Downloads/ev_charger_ui/sysroot_frdm/usr/lib/libcap.so -ldl -lpthread 
gmake[1]: Leaving directory '/home/anhtu/Downloads/ev_charger_ui/build-libocpp-frdm/CMakeFiles/CMakeTmp'



Determining if the function EVP_aes_256_cfb8 exists passed with the following output:
Change Dir: /home/anhtu/Downloads/ev_charger_ui/build-libocpp-frdm/CMakeFiles/CMakeTmp

Run Build Command(s):/usr/bin/gmake -f Makefile cmTC_5c636/fast && /usr/bin/gmake  -f CMakeFiles/cmTC_5c636.dir/build.make CMakeFiles/cmTC_5c636.dir/build
gmake[1]: Entering directory '/home/anhtu/Downloads/ev_charger_ui/build-libocpp-frdm/CMakeFiles/CMakeTmp'
Building C object CMakeFiles/cmTC_5c636.dir/CheckFunctionExists.c.o
/usr/bin/aarch64-linux-gnu-gcc --sysroot=/home/anhtu/Downloads/ev_charger_ui/sysroot_frdm -DKEYWORD=__inline  -Wno-deprecated-declarations -Wno-deprecated -Wall -Wextra -Wno-unused-parameter -Wconversion -Wsign-compare -Wstrict-aliasing -fvisibility=hidden -Wundef  -Wuninitialized -Wtype-limits -Wignored-qualifiers   -Werror -DCHECK_FUNCTION_EXISTS=EVP_aes_256_cfb8 -o CMakeFiles/cmTC_5c636.dir/CheckFunctionExists.c.o -c /usr/share/cmake-3.22/Modules/CheckFunctionExists.c
Linking C executable cmTC_5c636
/usr/bin/cmake -E cmake_link_script CMakeFiles/cmTC_5c636.dir/link.txt --verbose=1
/usr/bin/aarch64-linux-gnu-gcc --sysroot=/home/anhtu/Downloads/ev_charger_ui/sysroot_frdm -Wno-deprecated-declarations -Wno-deprecated -Wall -Wextra -Wno-unused-parameter -Wconversion -Wsign-compare -Wstrict-aliasing -fvisibility=hidden -Wundef  -Wuninitialized -Wtype-limits -Wignored-qualifiers   -Werror -DCHECK_FUNCTION_EXISTS=EVP_aes_256_cfb8 -L/home/anhtu/Downloads/ev_charger_ui/sysroot_frdm/usr/lib -Wl,-rpath-link,/home/anhtu/Downloads/ev_charger_ui/sysroot_frdm/usr/lib  CMakeFiles/cmTC_5c636.dir/CheckFunctionExists.c.o -o cmTC_5c636  /home/anhtu/Downloads/ev_charger_ui/sysroot_frdm/usr/lib/libssl.so /home/anhtu/Downloads/ev_charger_ui/sysroot_frdm/usr/lib/libcrypto.so /home/anhtu/Downloads/ev_charger_ui/sysroot_frdm/usr/lib/libcap.so -ldl -lpthread 
gmake[1]: Leaving directory '/home/anhtu/Downloads/ev_charger_ui/build-libocpp-frdm/CMakeFiles/CMakeTmp'



Determining if the function EVP_aes_256_cfb128 exists passed with the following output:
Change Dir: /home/anhtu/Downloads/ev_charger_ui/build-libocpp-frdm/CMakeFiles/CMakeTmp

Run Build Command(s):/usr/bin/gmake -f Makefile cmTC_47783/fast && /usr/bin/gmake  -f CMakeFiles/cmTC_47783.dir/build.make CMakeFiles/cmTC_47783.dir/build
gmake[1]: Entering directory '/home/anhtu/Downloads/ev_charger_ui/build-libocpp-frdm/CMakeFiles/CMakeTmp'
Building C object CMakeFiles/cmTC_47783.dir/CheckFunctionExists.c.o
/usr/bin/aarch64-linux-gnu-gcc --sysroot=/home/anhtu/Downloads/ev_charger_ui/sysroot_frdm -DKEYWORD=__inline  -Wno-deprecated-declarations -Wno-deprecated -Wall -Wextra -Wno-unused-parameter -Wconversion -Wsign-compare -Wstrict-aliasing -fvisibility=hidden -Wundef  -Wuninitialized -Wtype-limits -Wignored-qualifiers   -Werror -DCHECK_FUNCTION_EXISTS=EVP_aes_256_cfb128 -o CMakeFiles/cmTC_47783.dir/CheckFunctionExists.c.o -c /usr/share/cmake-3.22/Modules/CheckFunctionExists.c
Linking C executable cmTC_47783
/usr/bin/cmake -E cmake_link_script CMakeFiles/cmTC_47783.dir/link.txt --verbose=1
/usr/bin/aarch64-linux-gnu-gcc --sysroot=/home/anhtu/Downloads/ev_charger_ui/sysroot_frdm -Wno-deprecated-declarations -Wno-deprecated -Wall -Wextra -Wno-unused-parameter -Wconversion -Wsign-compare -Wstrict-aliasing -fvisibility=hidden -Wundef  -Wuninitialized -Wtype-limits -Wignored-qualifiers   -Werror -DCHECK_FUNCTION_EXISTS=EVP_aes_256_cfb128 -L/home/anhtu/Downloads/ev_charger_ui/sysroot_frdm/usr/lib -Wl,-rpath-link,/home/anhtu/Downloads/ev_charger_ui/sysroot_frdm/usr/lib  CMakeFiles/cmTC_47783.dir/CheckFunctionExists.c.o -o cmTC_47783  /home/anhtu/Downloads/ev_charger_ui/sysroot_frdm/usr/lib/libssl.so /home/anhtu/Downloads/ev_charger_ui/sysroot_frdm/usr/lib/libcrypto.so /home/anhtu/Downloads/ev_charger_ui/sysroot_frdm/usr/lib/libcap.so -ldl -lpthread 
gmake[1]: Leaving directory '/home/anhtu/Downloads/ev_charger_ui/build-libocpp-frdm/CMakeFiles/CMakeTmp'



Determining if the function EVP_aes_128_xts exists passed with the following output:
Change Dir: /home/anhtu/Downloads/ev_charger_ui/build-libocpp-frdm/CMakeFiles/CMakeTmp

Run Build Command(s):/usr/bin/gmake -f Makefile cmTC_ee42e/fast && /usr/bin/gmake  -f CMakeFiles/cmTC_ee42e.dir/build.make CMakeFiles/cmTC_ee42e.dir/build
gmake[1]: Entering directory '/home/anhtu/Downloads/ev_charger_ui/build-libocpp-frdm/CMakeFiles/CMakeTmp'
Building C object CMakeFiles/cmTC_ee42e.dir/CheckFunctionExists.c.o
/usr/bin/aarch64-linux-gnu-gcc --sysroot=/home/anhtu/Downloads/ev_charger_ui/sysroot_frdm -DKEYWORD=__inline  -Wno-deprecated-declarations -Wno-deprecated -Wall -Wextra -Wno-unused-parameter -Wconversion -Wsign-compare -Wstrict-aliasing -fvisibility=hidden -Wundef  -Wuninitialized -Wtype-limits -Wignored-qualifiers   -Werror -DCHECK_FUNCTION_EXISTS=EVP_aes_128_xts -o CMakeFiles/cmTC_ee42e.dir/CheckFunctionExists.c.o -c /usr/share/cmake-3.22/Modules/CheckFunctionExists.c
Linking C executable cmTC_ee42e
/usr/bin/cmake -E cmake_link_script CMakeFiles/cmTC_ee42e.dir/link.txt --verbose=1
/usr/bin/aarch64-linux-gnu-gcc --sysroot=/home/anhtu/Downloads/ev_charger_ui/sysroot_frdm -Wno-deprecated-declarations -Wno-deprecated -Wall -Wextra -Wno-unused-parameter -Wconversion -Wsign-compare -Wstrict-aliasing -fvisibility=hidden -Wundef  -Wuninitialized -Wtype-limits -Wignored-qualifiers   -Werror -DCHECK_FUNCTION_EXISTS=EVP_aes_128_xts -L/home/anhtu/Downloads/ev_charger_ui/sysroot_frdm/usr/lib -Wl,-rpath-link,/home/anhtu/Downloads/ev_charger_ui/sysroot_frdm/usr/lib  CMakeFiles/cmTC_ee42e.dir/CheckFunctionExists.c.o -o cmTC_ee42e  /home/anhtu/Downloads/ev_charger_ui/sysroot_frdm/usr/lib/libssl.so /home/anhtu/Downloads/ev_charger_ui/sysroot_frdm/usr/lib/libcrypto.so /home/anhtu/Downloads/ev_charger_ui/sysroot_frdm/usr/lib/libcap.so -ldl -lpthread 
gmake[1]: Leaving directory '/home/anhtu/Downloads/ev_charger_ui/build-libocpp-frdm/CMakeFiles/CMakeTmp'



Determining if the function EVP_aes_128_ofb exists passed with the following output:
Change Dir: /home/anhtu/Downloads/ev_charger_ui/build-libocpp-frdm/CMakeFiles/CMakeTmp

Run Build Command(s):/usr/bin/gmake -f Makefile cmTC_1acf1/fast && /usr/bin/gmake  -f CMakeFiles/cmTC_1acf1.dir/build.make CMakeFiles/cmTC_1acf1.dir/build
gmake[1]: Entering directory '/home/anhtu/Downloads/ev_charger_ui/build-libocpp-frdm/CMakeFiles/CMakeTmp'
Building C object CMakeFiles/cmTC_1acf1.dir/CheckFunctionExists.c.o
/usr/bin/aarch64-linux-gnu-gcc --sysroot=/home/anhtu/Downloads/ev_charger_ui/sysroot_frdm -DKEYWORD=__inline  -Wno-deprecated-declarations -Wno-deprecated -Wall -Wextra -Wno-unused-parameter -Wconversion -Wsign-compare -Wstrict-aliasing -fvisibility=hidden -Wundef  -Wuninitialized -Wtype-limits -Wignored-qualifiers   -Werror -DCHECK_FUNCTION_EXISTS=EVP_aes_128_ofb -o CMakeFiles/cmTC_1acf1.dir/CheckFunctionExists.c.o -c /usr/share/cmake-3.22/Modules/CheckFunctionExists.c
Linking C executable cmTC_1acf1
/usr/bin/cmake -E cmake_link_script CMakeFiles/cmTC_1acf1.dir/link.txt --verbose=1
/usr/bin/aarch64-linux-gnu-gcc --sysroot=/home/anhtu/Downloads/ev_charger_ui/sysroot_frdm -Wno-deprecated-declarations -Wno-deprecated -Wall -Wextra -Wno-unused-parameter -Wconversion -Wsign-compare -Wstrict-aliasing -fvisibility=hidden -Wundef  -Wuninitialized -Wtype-limits -Wignored-qualifiers   -Werror -DCHECK_FUNCTION_EXISTS=EVP_aes_128_ofb -L/home/anhtu/Downloads/ev_charger_ui/sysroot_frdm/usr/lib -Wl,-rpath-link,/home/anhtu/Downloads/ev_charger_ui/sysroot_frdm/usr/lib  CMakeFiles/cmTC_1acf1.dir/CheckFunctionExists.c.o -o cmTC_1acf1  /home/anhtu/Downloads/ev_charger_ui/sysroot_frdm/usr/lib/libssl.so /home/anhtu/Downloads/ev_charger_ui/sysroot_frdm/usr/lib/libcrypto.so /home/anhtu/Downloads/ev_charger_ui/sysroot_frdm/usr/lib/libcap.so -ldl -lpthread 
gmake[1]: Leaving directory '/home/anhtu/Downloads/ev_charger_ui/build-libocpp-frdm/CMakeFiles/CMakeTmp'



Determining if the function EVP_aes_128_ecb exists passed with the following output:
Change Dir: /home/anhtu/Downloads/ev_charger_ui/build-libocpp-frdm/CMakeFiles/CMakeTmp

Run Build Command(s):/usr/bin/gmake -f Makefile cmTC_2c8c4/fast && /usr/bin/gmake  -f CMakeFiles/cmTC_2c8c4.dir/build.make CMakeFiles/cmTC_2c8c4.dir/build
gmake[1]: Entering directory '/home/anhtu/Downloads/ev_charger_ui/build-libocpp-frdm/CMakeFiles/CMakeTmp'
Building C object CMakeFiles/cmTC_2c8c4.dir/CheckFunctionExists.c.o
/usr/bin/aarch64-linux-gnu-gcc --sysroot=/home/anhtu/Downloads/ev_charger_ui/sysroot_frdm -DKEYWORD=__inline  -Wno-deprecated-declarations -Wno-deprecated -Wall -Wextra -Wno-unused-parameter -Wconversion -Wsign-compare -Wstrict-aliasing -fvisibility=hidden -Wundef  -Wuninitialized -Wtype-limits -Wignored-qualifiers   -Werror -DCHECK_FUNCTION_EXISTS=EVP_aes_128_ecb -o CMakeFiles/cmTC_2c8c4.dir/CheckFunctionExists.c.o -c /usr/share/cmake-3.22/Modules/CheckFunctionExists.c
Linking C executable cmTC_2c8c4
/usr/bin/cmake -E cmake_link_script CMakeFiles/cmTC_2c8c4.dir/link.txt --verbose=1
/usr/bin/aarch64-linux-gnu-gcc --sysroot=/home/anhtu/Downloads/ev_charger_ui/sysroot_frdm -Wno-deprecated-declarations -Wno-deprecated -Wall -Wextra -Wno-unused-parameter -Wconversion -Wsign-compare -Wstrict-aliasing -fvisibility=hidden -Wundef  -Wuninitialized -Wtype-limits -Wignored-qualifiers   -Werror -DCHECK_FUNCTION_EXISTS=EVP_aes_128_ecb -L/home/anhtu/Downloads/ev_charger_ui/sysroot_frdm/usr/lib -Wl,-rpath-link,/home/anhtu/Downloads/ev_charger_ui/sysroot_frdm/usr/lib  CMakeFiles/cmTC_2c8c4.dir/CheckFunctionExists.c.o -o cmTC_2c8c4  /home/anhtu/Downloads/ev_charger_ui/sysroot_frdm/usr/lib/libssl.so /home/anhtu/Downloads/ev_charger_ui/sysroot_frdm/usr/lib/libcrypto.so /home/anhtu/Downloads/ev_charger_ui/sysroot_frdm/usr/lib/libcap.so -ldl -lpthread 
gmake[1]: Leaving directory '/home/anhtu/Downloads/ev_charger_ui/build-libocpp-frdm/CMakeFiles/CMakeTmp'



Determining if the function EVP_aes_128_ctr exists passed with the following output:
Change Dir: /home/anhtu/Downloads/ev_charger_ui/build-libocpp-frdm/CMakeFiles/CMakeTmp

Run Build Command(s):/usr/bin/gmake -f Makefile cmTC_31c18/fast && /usr/bin/gmake  -f CMakeFiles/cmTC_31c18.dir/build.make CMakeFiles/cmTC_31c18.dir/build
gmake[1]: Entering directory '/home/anhtu/Downloads/ev_charger_ui/build-libocpp-frdm/CMakeFiles/CMakeTmp'
Building C object CMakeFiles/cmTC_31c18.dir/CheckFunctionExists.c.o
/usr/bin/aarch64-linux-gnu-gcc --sysroot=/home/anhtu/Downloads/ev_charger_ui/sysroot_frdm -DKEYWORD=__inline  -Wno-deprecated-declarations -Wno-deprecated -Wall -Wextra -Wno-unused-parameter -Wconversion -Wsign-compare -Wstrict-aliasing -fvisibility=hidden -Wundef  -Wuninitialized -Wtype-limits -Wignored-qualifiers   -Werror -DCHECK_FUNCTION_EXISTS=EVP_aes_128_ctr -o CMakeFiles/cmTC_31c18.dir/CheckFunctionExists.c.o -c /usr/share/cmake-3.22/Modules/CheckFunctionExists.c
Linking C executable cmTC_31c18
/usr/bin/cmake -E cmake_link_script CMakeFiles/cmTC_31c18.dir/link.txt --verbose=1
/usr/bin/aarch64-linux-gnu-gcc --sysroot=/home/anhtu/Downloads/ev_charger_ui/sysroot_frdm -Wno-deprecated-declarations -Wno-deprecated -Wall -Wextra -Wno-unused-parameter -Wconversion -Wsign-compare -Wstrict-aliasing -fvisibility=hidden -Wundef  -Wuninitialized -Wtype-limits -Wignored-qualifiers   -Werror -DCHECK_FUNCTION_EXISTS=EVP_aes_128_ctr -L/home/anhtu/Downloads/ev_charger_ui/sysroot_frdm/usr/lib -Wl,-rpath-link,/home/anhtu/Downloads/ev_charger_ui/sysroot_frdm/usr/lib  CMakeFiles/cmTC_31c18.dir/CheckFunctionExists.c.o -o cmTC_31c18  /home/anhtu/Downloads/ev_charger_ui/sysroot_frdm/usr/lib/libssl.so /home/anhtu/Downloads/ev_charger_ui/sysroot_frdm/usr/lib/libcrypto.so /home/anhtu/Downloads/ev_charger_ui/sysroot_frdm/usr/lib/libcap.so -ldl -lpthread 
gmake[1]: Leaving directory '/home/anhtu/Downloads/ev_charger_ui/build-libocpp-frdm/CMakeFiles/CMakeTmp'



Determining if the function HMAC_CTX_new exists passed with the following output:
Change Dir: /home/anhtu/Downloads/ev_charger_ui/build-libocpp-frdm/CMakeFiles/CMakeTmp

Run Build Command(s):/usr/bin/gmake -f Makefile cmTC_2a287/fast && /usr/bin/gmake  -f CMakeFiles/cmTC_2a287.dir/build.make CMakeFiles/cmTC_2a287.dir/build
gmake[1]: Entering directory '/home/anhtu/Downloads/ev_charger_ui/build-libocpp-frdm/CMakeFiles/CMakeTmp'
Building C object CMakeFiles/cmTC_2a287.dir/CheckFunctionExists.c.o
/usr/bin/aarch64-linux-gnu-gcc --sysroot=/home/anhtu/Downloads/ev_charger_ui/sysroot_frdm -DKEYWORD=__inline  -Wno-deprecated-declarations -Wno-deprecated -Wall -Wextra -Wno-unused-parameter -Wconversion -Wsign-compare -Wstrict-aliasing -fvisibility=hidden -Wundef  -Wuninitialized -Wtype-limits -Wignored-qualifiers   -Werror -DCHECK_FUNCTION_EXISTS=HMAC_CTX_new -o CMakeFiles/cmTC_2a287.dir/CheckFunctionExists.c.o -c /usr/share/cmake-3.22/Modules/CheckFunctionExists.c
Linking C executable cmTC_2a287
/usr/bin/cmake -E cmake_link_script CMakeFiles/cmTC_2a287.dir/link.txt --verbose=1
/usr/bin/aarch64-linux-gnu-gcc --sysroot=/home/anhtu/Downloads/ev_charger_ui/sysroot_frdm -Wno-deprecated-declarations -Wno-deprecated -Wall -Wextra -Wno-unused-parameter -Wconversion -Wsign-compare -Wstrict-aliasing -fvisibility=hidden -Wundef  -Wuninitialized -Wtype-limits -Wignored-qualifiers   -Werror -DCHECK_FUNCTION_EXISTS=HMAC_CTX_new -L/home/anhtu/Downloads/ev_charger_ui/sysroot_frdm/usr/lib -Wl,-rpath-link,/home/anhtu/Downloads/ev_charger_ui/sysroot_frdm/usr/lib  CMakeFiles/cmTC_2a287.dir/CheckFunctionExists.c.o -o cmTC_2a287  /home/anhtu/Downloads/ev_charger_ui/sysroot_frdm/usr/lib/libssl.so /home/anhtu/Downloads/ev_charger_ui/sysroot_frdm/usr/lib/libcrypto.so /home/anhtu/Downloads/ev_charger_ui/sysroot_frdm/usr/lib/libcap.so -ldl -lpthread 
gmake[1]: Leaving directory '/home/anhtu/Downloads/ev_charger_ui/build-libocpp-frdm/CMakeFiles/CMakeTmp'



Determining if the function SSL_CTX_set_ciphersuites exists passed with the following output:
Change Dir: /home/anhtu/Downloads/ev_charger_ui/build-libocpp-frdm/CMakeFiles/CMakeTmp

Run Build Command(s):/usr/bin/gmake -f Makefile cmTC_a94ab/fast && /usr/bin/gmake  -f CMakeFiles/cmTC_a94ab.dir/build.make CMakeFiles/cmTC_a94ab.dir/build
gmake[1]: Entering directory '/home/anhtu/Downloads/ev_charger_ui/build-libocpp-frdm/CMakeFiles/CMakeTmp'
Building C object CMakeFiles/cmTC_a94ab.dir/CheckFunctionExists.c.o
/usr/bin/aarch64-linux-gnu-gcc --sysroot=/home/anhtu/Downloads/ev_charger_ui/sysroot_frdm -DKEYWORD=__inline  -Wno-deprecated-declarations -Wno-deprecated -Wall -Wextra -Wno-unused-parameter -Wconversion -Wsign-compare -Wstrict-aliasing -fvisibility=hidden -Wundef  -Wuninitialized -Wtype-limits -Wignored-qualifiers   -Werror -DCHECK_FUNCTION_EXISTS=SSL_CTX_set_ciphersuites -o CMakeFiles/cmTC_a94ab.dir/CheckFunctionExists.c.o -c /usr/share/cmake-3.22/Modules/CheckFunctionExists.c
Linking C executable cmTC_a94ab
/usr/bin/cmake -E cmake_link_script CMakeFiles/cmTC_a94ab.dir/link.txt --verbose=1
/usr/bin/aarch64-linux-gnu-gcc --sysroot=/home/anhtu/Downloads/ev_charger_ui/sysroot_frdm -Wno-deprecated-declarations -Wno-deprecated -Wall -Wextra -Wno-unused-parameter -Wconversion -Wsign-compare -Wstrict-aliasing -fvisibility=hidden -Wundef  -Wuninitialized -Wtype-limits -Wignored-qualifiers   -Werror -DCHECK_FUNCTION_EXISTS=SSL_CTX_set_ciphersuites -L/home/anhtu/Downloads/ev_charger_ui/sysroot_frdm/usr/lib -Wl,-rpath-link,/home/anhtu/Downloads/ev_charger_ui/sysroot_frdm/usr/lib  CMakeFiles/cmTC_a94ab.dir/CheckFunctionExists.c.o -o cmTC_a94ab  /home/anhtu/Downloads/ev_charger_ui/sysroot_frdm/usr/lib/libssl.so /home/anhtu/Downloads/ev_charger_ui/sysroot_frdm/usr/lib/libcrypto.so /home/anhtu/Downloads/ev_charger_ui/sysroot_frdm/usr/lib/libcap.so -ldl -lpthread 
gmake[1]: Leaving directory '/home/anhtu/Downloads/ev_charger_ui/build-libocpp-frdm/CMakeFiles/CMakeTmp'



Determining if the function EVP_PKEY_new_raw_private_key exists passed with the following output:
Change Dir: /home/anhtu/Downloads/ev_charger_ui/build-libocpp-frdm/CMakeFiles/CMakeTmp

Run Build Command(s):/usr/bin/gmake -f Makefile cmTC_05358/fast && /usr/bin/gmake  -f CMakeFiles/cmTC_05358.dir/build.make CMakeFiles/cmTC_05358.dir/build
gmake[1]: Entering directory '/home/anhtu/Downloads/ev_charger_ui/build-libocpp-frdm/CMakeFiles/CMakeTmp'
Building C object CMakeFiles/cmTC_05358.dir/CheckFunctionExists.c.o
/usr/bin/aarch64-linux-gnu-gcc --sysroot=/home/anhtu/Downloads/ev_charger_ui/sysroot_frdm -DKEYWORD=__inline  -Wno-deprecated-declarations -Wno-deprecated -Wall -Wextra -Wno-unused-parameter -Wconversion -Wsign-compare -Wstrict-aliasing -fvisibility=hidden -Wundef  -Wuninitialized -Wtype-limits -Wignored-qualifiers   -Werror -DCHECK_FUNCTION_EXISTS=EVP_PKEY_new_raw_private_key -o CMakeFiles/cmTC_05358.dir/CheckFunctionExists.c.o -c /usr/share/cmake-3.22/Modules/CheckFunctionExists.c
Linking C executable cmTC_05358
/usr/bin/cmake -E cmake_link_script CMakeFiles/cmTC_05358.dir/link.txt --verbose=1
/usr/bin/aarch64-linux-gnu-gcc --sysroot=/home/anhtu/Downloads/ev_charger_ui/sysroot_frdm -Wno-deprecated-declarations -Wno-deprecated -Wall -Wextra -Wno-unused-parameter -Wconversion -Wsign-compare -Wstrict-aliasing -fvisibility=hidden -Wundef  -Wuninitialized -Wtype-limits -Wignored-qualifiers   -Werror -DCHECK_FUNCTION_EXISTS=EVP_PKEY_new_raw_private_key -L/home/anhtu/Downloads/ev_charger_ui/sysroot_frdm/usr/lib -Wl,-rpath-link,/home/anhtu/Downloads/ev_charger_ui/sysroot_frdm/usr/lib  CMakeFiles/cmTC_05358.dir/CheckFunctionExists.c.o -o cmTC_05358  /home/anhtu/Downloads/ev_charger_ui/sysroot_frdm/usr/lib/libssl.so /home/anhtu/Downloads/ev_charger_ui/sysroot_frdm/usr/lib/libcrypto.so /home/anhtu/Downloads/ev_charger_ui/sysroot_frdm/usr/lib/libcap.so -ldl -lpthread 
gmake[1]: Leaving directory '/home/anhtu/Downloads/ev_charger_ui/build-libocpp-frdm/CMakeFiles/CMakeTmp'



Determining if the function SSL_SESSION_set_time exists passed with the following output:
Change Dir: /home/anhtu/Downloads/ev_charger_ui/build-libocpp-frdm/CMakeFiles/CMakeTmp

Run Build Command(s):/usr/bin/gmake -f Makefile cmTC_a8ab1/fast && /usr/bin/gmake  -f CMakeFiles/cmTC_a8ab1.dir/build.make CMakeFiles/cmTC_a8ab1.dir/build
gmake[1]: Entering directory '/home/anhtu/Downloads/ev_charger_ui/build-libocpp-frdm/CMakeFiles/CMakeTmp'
Building C object CMakeFiles/cmTC_a8ab1.dir/CheckFunctionExists.c.o
/usr/bin/aarch64-linux-gnu-gcc --sysroot=/home/anhtu/Downloads/ev_charger_ui/sysroot_frdm -DKEYWORD=__inline  -Wno-deprecated-declarations -Wno-deprecated -Wall -Wextra -Wno-unused-parameter -Wconversion -Wsign-compare -Wstrict-aliasing -fvisibility=hidden -Wundef  -Wuninitialized -Wtype-limits -Wignored-qualifiers   -Werror -DCHECK_FUNCTION_EXISTS=SSL_SESSION_set_time -o CMakeFiles/cmTC_a8ab1.dir/CheckFunctionExists.c.o -c /usr/share/cmake-3.22/Modules/CheckFunctionExists.c
Linking C executable cmTC_a8ab1
/usr/bin/cmake -E cmake_link_script CMakeFiles/cmTC_a8ab1.dir/link.txt --verbose=1
/usr/bin/aarch64-linux-gnu-gcc --sysroot=/home/anhtu/Downloads/ev_charger_ui/sysroot_frdm -Wno-deprecated-declarations -Wno-deprecated -Wall -Wextra -Wno-unused-parameter -Wconversion -Wsign-compare -Wstrict-aliasing -fvisibility=hidden -Wundef  -Wuninitialized -Wtype-limits -Wignored-qualifiers   -Werror -DCHECK_FUNCTION_EXISTS=SSL_SESSION_set_time -L/home/anhtu/Downloads/ev_charger_ui/sysroot_frdm/usr/lib -Wl,-rpath-link,/home/anhtu/Downloads/ev_charger_ui/sysroot_frdm/usr/lib  CMakeFiles/cmTC_a8ab1.dir/CheckFunctionExists.c.o -o cmTC_a8ab1  /home/anhtu/Downloads/ev_charger_ui/sysroot_frdm/usr/lib/libssl.so /home/anhtu/Downloads/ev_charger_ui/sysroot_frdm/usr/lib/libcrypto.so /home/anhtu/Downloads/ev_charger_ui/sysroot_frdm/usr/lib/libcap.so -ldl -lpthread 
gmake[1]: Leaving directory '/home/anhtu/Downloads/ev_charger_ui/build-libocpp-frdm/CMakeFiles/CMakeTmp'



Determining if the function SSL_SESSION_up_ref exists passed with the following output:
Change Dir: /home/anhtu/Downloads/ev_charger_ui/build-libocpp-frdm/CMakeFiles/CMakeTmp

Run Build Command(s):/usr/bin/gmake -f Makefile cmTC_09a7c/fast && /usr/bin/gmake  -f CMakeFiles/cmTC_09a7c.dir/build.make CMakeFiles/cmTC_09a7c.dir/build
gmake[1]: Entering directory '/home/anhtu/Downloads/ev_charger_ui/build-libocpp-frdm/CMakeFiles/CMakeTmp'
Building C object CMakeFiles/cmTC_09a7c.dir/CheckFunctionExists.c.o
/usr/bin/aarch64-linux-gnu-gcc --sysroot=/home/anhtu/Downloads/ev_charger_ui/sysroot_frdm -DKEYWORD=__inline  -Wno-deprecated-declarations -Wno-deprecated -Wall -Wextra -Wno-unused-parameter -Wconversion -Wsign-compare -Wstrict-aliasing -fvisibility=hidden -Wundef  -Wuninitialized -Wtype-limits -Wignored-qualifiers   -Werror -DCHECK_FUNCTION_EXISTS=SSL_SESSION_up_ref -o CMakeFiles/cmTC_09a7c.dir/CheckFunctionExists.c.o -c /usr/share/cmake-3.22/Modules/CheckFunctionExists.c
Linking C executable cmTC_09a7c
/usr/bin/cmake -E cmake_link_script CMakeFiles/cmTC_09a7c.dir/link.txt --verbose=1
/usr/bin/aarch64-linux-gnu-gcc --sysroot=/home/anhtu/Downloads/ev_charger_ui/sysroot_frdm -Wno-deprecated-declarations -Wno-deprecated -Wall -Wextra -Wno-unused-parameter -Wconversion -Wsign-compare -Wstrict-aliasing -fvisibility=hidden -Wundef  -Wuninitialized -Wtype-limits -Wignored-qualifiers   -Werror -DCHECK_FUNCTION_EXISTS=SSL_SESSION_up_ref -L/home/anhtu/Downloads/ev_charger_ui/sysroot_frdm/usr/lib -Wl,-rpath-link,/home/anhtu/Downloads/ev_charger_ui/sysroot_frdm/usr/lib  CMakeFiles/cmTC_09a7c.dir/CheckFunctionExists.c.o -o cmTC_09a7c  /home/anhtu/Downloads/ev_charger_ui/sysroot_frdm/usr/lib/libssl.so /home/anhtu/Downloads/ev_charger_ui/sysroot_frdm/usr/lib/libcrypto.so /home/anhtu/Downloads/ev_charger_ui/sysroot_frdm/usr/lib/libcap.so -ldl -lpthread 
gmake[1]: Leaving directory '/home/anhtu/Downloads/ev_charger_ui/build-libocpp-frdm/CMakeFiles/CMakeTmp'



Determining if the function SSL_CTX_set_keylog_callback exists passed with the following output:
Change Dir: /home/anhtu/Downloads/ev_charger_ui/build-libocpp-frdm/CMakeFiles/CMakeTmp

Run Build Command(s):/usr/bin/gmake -f Makefile cmTC_023eb/fast && /usr/bin/gmake  -f CMakeFiles/cmTC_023eb.dir/build.make CMakeFiles/cmTC_023eb.dir/build
gmake[1]: Entering directory '/home/anhtu/Downloads/ev_charger_ui/build-libocpp-frdm/CMakeFiles/CMakeTmp'
Building C object CMakeFiles/cmTC_023eb.dir/CheckFunctionExists.c.o
/usr/bin/aarch64-linux-gnu-gcc --sysroot=/home/anhtu/Downloads/ev_charger_ui/sysroot_frdm -DKEYWORD=__inline  -Wno-deprecated-declarations -Wno-deprecated -Wall -Wextra -Wno-unused-parameter -Wconversion -Wsign-compare -Wstrict-aliasing -fvisibility=hidden -Wundef  -Wuninitialized -Wtype-limits -Wignored-qualifiers   -Werror -DCHECK_FUNCTION_EXISTS=SSL_CTX_set_keylog_callback -o CMakeFiles/cmTC_023eb.dir/CheckFunctionExists.c.o -c /usr/share/cmake-3.22/Modules/CheckFunctionExists.c
Linking C executable cmTC_023eb
/usr/bin/cmake -E cmake_link_script CMakeFiles/cmTC_023eb.dir/link.txt --verbose=1
/usr/bin/aarch64-linux-gnu-gcc --sysroot=/home/anhtu/Downloads/ev_charger_ui/sysroot_frdm -Wno-deprecated-declarations -Wno-deprecated -Wall -Wextra -Wno-unused-parameter -Wconversion -Wsign-compare -Wstrict-aliasing -fvisibility=hidden -Wundef  -Wuninitialized -Wtype-limits -Wignored-qualifiers   -Werror -DCHECK_FUNCTION_EXISTS=SSL_CTX_set_keylog_callback -L/home/anhtu/Downloads/ev_charger_ui/sysroot_frdm/usr/lib -Wl,-rpath-link,/home/anhtu/Downloads/ev_charger_ui/sysroot_frdm/usr/lib  CMakeFiles/cmTC_023eb.dir/CheckFunctionExists.c.o -o cmTC_023eb  /home/anhtu/Downloads/ev_charger_ui/sysroot_frdm/usr/lib/libssl.so /home/anhtu/Downloads/ev_charger_ui/sysroot_frdm/usr/lib/libcrypto.so /home/anhtu/Downloads/ev_charger_ui/sysroot_frdm/usr/lib/libcap.so -ldl -lpthread 
gmake[1]: Leaving directory '/home/anhtu/Downloads/ev_charger_ui/build-libocpp-frdm/CMakeFiles/CMakeTmp'



Determining if the function EC_KEY_new_by_curve_name exists passed with the following output:
Change Dir: /home/anhtu/Downloads/ev_charger_ui/build-libocpp-frdm/CMakeFiles/CMakeTmp

Run Build Command(s):/usr/bin/gmake -f Makefile cmTC_dc0cb/fast && /usr/bin/gmake  -f CMakeFiles/cmTC_dc0cb.dir/build.make CMakeFiles/cmTC_dc0cb.dir/build
gmake[1]: Entering directory '/home/anhtu/Downloads/ev_charger_ui/build-libocpp-frdm/CMakeFiles/CMakeTmp'
Building C object CMakeFiles/cmTC_dc0cb.dir/CheckFunctionExists.c.o
/usr/bin/aarch64-linux-gnu-gcc --sysroot=/home/anhtu/Downloads/ev_charger_ui/sysroot_frdm -DKEYWORD=__inline  -Wno-deprecated-declarations -Wno-deprecated -Wall -Wextra -Wno-unused-parameter -Wconversion -Wsign-compare -Wstrict-aliasing -fvisibility=hidden -Wundef  -Wuninitialized -Wtype-limits -Wignored-qualifiers   -Werror -DCHECK_FUNCTION_EXISTS=EC_KEY_new_by_curve_name -o CMakeFiles/cmTC_dc0cb.dir/CheckFunctionExists.c.o -c /usr/share/cmake-3.22/Modules/CheckFunctionExists.c
Linking C executable cmTC_dc0cb
/usr/bin/cmake -E cmake_link_script CMakeFiles/cmTC_dc0cb.dir/link.txt --verbose=1
/usr/bin/aarch64-linux-gnu-gcc --sysroot=/home/anhtu/Downloads/ev_charger_ui/sysroot_frdm -Wno-deprecated-declarations -Wno-deprecated -Wall -Wextra -Wno-unused-parameter -Wconversion -Wsign-compare -Wstrict-aliasing -fvisibility=hidden -Wundef  -Wuninitialized -Wtype-limits -Wignored-qualifiers   -Werror -DCHECK_FUNCTION_EXISTS=EC_KEY_new_by_curve_name -L/home/anhtu/Downloads/ev_charger_ui/sysroot_frdm/usr/lib -Wl,-rpath-link,/home/anhtu/Downloads/ev_charger_ui/sysroot_frdm/usr/lib  CMakeFiles/cmTC_dc0cb.dir/CheckFunctionExists.c.o -o cmTC_dc0cb  /home/anhtu/Downloads/ev_charger_ui/sysroot_frdm/usr/lib/libssl.so /home/anhtu/Downloads/ev_charger_ui/sysroot_frdm/usr/lib/libcrypto.so /home/anhtu/Downloads/ev_charger_ui/sysroot_frdm/usr/lib/libcap.so -ldl -lpthread 
gmake[1]: Leaving directory '/home/anhtu/Downloads/ev_charger_ui/build-libocpp-frdm/CMakeFiles/CMakeTmp'



Performing C SOURCE FILE Test LWS_HAVE_SSL_EXTRA_CHAIN_CERTS succeeded with the following output:
Change Dir: /home/anhtu/Downloads/ev_charger_ui/build-libocpp-frdm/CMakeFiles/CMakeTmp

Run Build Command(s):/usr/bin/gmake -f Makefile cmTC_074f7/fast && /usr/bin/gmake  -f CMakeFiles/cmTC_074f7.dir/build.make CMakeFiles/cmTC_074f7.dir/build
gmake[1]: Entering directory '/home/anhtu/Downloads/ev_charger_ui/build-libocpp-frdm/CMakeFiles/CMakeTmp'
Building C object CMakeFiles/cmTC_074f7.dir/src.c.o
/usr/bin/aarch64-linux-gnu-gcc --sysroot=/home/anhtu/Downloads/ev_charger_ui/sysroot_frdm -DKEYWORD=__inline -DLWS_HAVE_SSL_EXTRA_CHAIN_CERTS  -Wno-deprecated-declarations -Wno-deprecated -Wall -Wextra -Wno-unused-parameter -Wconversion -Wsign-compare -Wstrict-aliasing -fvisibility=hidden -Wundef  -Wuninitialized -Wtype-limits -Wignored-qualifiers   -Werror  -o CMakeFiles/cmTC_074f7.dir/src.c.o -c /home/anhtu/Downloads/ev_charger_ui/build-libocpp-frdm/CMakeFiles/CMakeTmp/src.c
Linking C executable cmTC_074f7
/usr/bin/cmake -E cmake_link_script CMakeFiles/cmTC_074f7.dir/link.txt --verbose=1
/usr/bin/aarch64-linux-gnu-gcc --sysroot=/home/anhtu/Downloads/ev_charger_ui/sysroot_frdm -Wno-deprecated-declarations -Wno-deprecated -Wall -Wextra -Wno-unused-parameter -Wconversion -Wsign-compare -Wstrict-aliasing -fvisibility=hidden -Wundef  -Wuninitialized -Wtype-limits -Wignored-qualifiers   -Werror  -L/home/anhtu/Downloads/ev_charger_ui/sysroot_frdm/usr/lib -Wl,-rpath-link,/home/anhtu/Downloads/ev_charger_ui/sysroot_frdm/usr/lib  CMakeFiles/cmTC_074f7.dir/src.c.o -o cmTC_074f7  /home/anhtu/Downloads/ev_charger_ui/sysroot_frdm/usr/lib/libssl.so /home/anhtu/Downloads/ev_charger_ui/sysroot_frdm/usr/lib/libcrypto.so /home/anhtu/Downloads/ev_charger_ui/sysroot_frdm/usr/lib/libcap.so -ldl -lpthread 
gmake[1]: Leaving directory '/home/anhtu/Downloads/ev_charger_ui/build-libocpp-frdm/CMakeFiles/CMakeTmp'


Source file was:
#include <openssl/ssl.h>
int main(void) { STACK_OF(X509) *c = NULL; SSL_CTX *ctx = NULL; return (int)SSL_CTX_get_extra_chain_certs_only(ctx, &c); }

Performing C SOURCE FILE Test LWS_HAVE_EVP_MD_CTX_free succeeded with the following output:
Change Dir: /home/anhtu/Downloads/ev_charger_ui/build-libocpp-frdm/CMakeFiles/CMakeTmp

Run Build Command(s):/usr/bin/gmake -f Makefile cmTC_a8f0d/fast && /usr/bin/gmake  -f CMakeFiles/cmTC_a8f0d.dir/build.make CMakeFiles/cmTC_a8f0d.dir/build
gmake[1]: Entering directory '/home/anhtu/Downloads/ev_charger_ui/build-libocpp-frdm/CMakeFiles/CMakeTmp'
Building C object CMakeFiles/cmTC_a8f0d.dir/src.c.o
/usr/bin/aarch64-linux-gnu-gcc --sysroot=/home/anhtu/Downloads/ev_charger_ui/sysroot_frdm -DKEYWORD=__inline -DLWS_HAVE_EVP_MD_CTX_free  -Wno-deprecated-declarations -Wno-deprecated -Wall -Wextra -Wno-unused-parameter -Wconversion -Wsign-compare -Wstrict-aliasing -fvisibility=hidden -Wundef  -Wuninitialized -Wtype-limits -Wignored-qualifiers   -Werror  -o CMakeFiles/cmTC_a8f0d.dir/src.c.o -c /home/anhtu/Downloads/ev_charger_ui/build-libocpp-frdm/CMakeFiles/CMakeTmp/src.c
Linking C executable cmTC_a8f0d
/usr/bin/cmake -E cmake_link_script CMakeFiles/cmTC_a8f0d.dir/link.txt --verbose=1
/usr/bin/aarch64-linux-gnu-gcc --sysroot=/home/anhtu/Downloads/ev_charger_ui/sysroot_frdm -Wno-deprecated-declarations -Wno-deprecated -Wall -Wextra -Wno-unused-parameter -Wconversion -Wsign-compare -Wstrict-aliasing -fvisibility=hidden -Wundef  -Wuninitialized -Wtype-limits -Wignored-qualifiers   -Werror  -L/home/anhtu/Downloads/ev_charger_ui/sysroot_frdm/usr/lib -Wl,-rpath-link,/home/anhtu/Downloads/ev_charger_ui/sysroot_frdm/usr/lib  CMakeFiles/cmTC_a8f0d.dir/src.c.o -o cmTC_a8f0d  /home/anhtu/Downloads/ev_charger_ui/sysroot_frdm/usr/lib/libssl.so /home/anhtu/Downloads/ev_charger_ui/sysroot_frdm/usr/lib/libcrypto.so /home/anhtu/Downloads/ev_charger_ui/sysroot_frdm/usr/lib/libcap.so -ldl -lpthread 
gmake[1]: Leaving directory '/home/anhtu/Downloads/ev_charger_ui/build-libocpp-frdm/CMakeFiles/CMakeTmp'


Source file was:
#include <openssl/ssl.h>
int main(void) { EVP_MD_CTX *md_ctx = NULL; EVP_MD_CTX_free(md_ctx); return 0; }

Performing C SOURCE FILE Test LWS_HAVE_OPENSSL_STACK succeeded with the following output:
Change Dir: /home/anhtu/Downloads/ev_charger_ui/build-libocpp-frdm/CMakeFiles/CMakeTmp

Run Build Command(s):/usr/bin/gmake -f Makefile cmTC_bc8cb/fast && /usr/bin/gmake  -f CMakeFiles/cmTC_bc8cb.dir/build.make CMakeFiles/cmTC_bc8cb.dir/build
gmake[1]: Entering directory '/home/anhtu/Downloads/ev_charger_ui/build-libocpp-frdm/CMakeFiles/CMakeTmp'
Building C object CMakeFiles/cmTC_bc8cb.dir/src.c.o
/usr/bin/aarch64-linux-gnu-gcc --sysroot=/home/anhtu/Downloads/ev_charger_ui/sysroot_frdm -DKEYWORD=__inline -DLWS_HAVE_OPENSSL_STACK  -Wno-deprecated-declarations -Wno-deprecated -Wall -Wextra -Wno-unused-parameter -Wconversion -Wsign-compare -Wstrict-aliasing -fvisibility=hidden -Wundef  -Wuninitialized -Wtype-limits -Wignored-qualifiers   -Werror  -o CMakeFiles/cmTC_bc8cb.dir/src.c.o -c /home/anhtu/Downloads/ev_charger_ui/build-libocpp-frdm/CMakeFiles/CMakeTmp/src.c
Linking C executable cmTC_bc8cb
/usr/bin/cmake -E cmake_link_script CMakeFiles/cmTC_bc8cb.dir/link.txt --verbose=1
/usr/bin/aarch64-linux-gnu-gcc --sysroot=/home/anhtu/Downloads/ev_charger_ui/sysroot_frdm -Wno-deprecated-declarations -Wno-deprecated -Wall -Wextra -Wno-unused-parameter -Wconversion -Wsign-compare -Wstrict-aliasing -fvisibility=hidden -Wundef  -Wuninitialized -Wtype-limits -Wignored-qualifiers   -Werror  -L/home/anhtu/Downloads/ev_charger_ui/sysroot_frdm/usr/lib -Wl,-rpath-link,/home/anhtu/Downloads/ev_charger_ui/sysroot_frdm/usr/lib  CMakeFiles/cmTC_bc8cb.dir/src.c.o -o cmTC_bc8cb  /home/anhtu/Downloads/ev_charger_ui/sysroot_frdm/usr/lib/libssl.so /home/anhtu/Downloads/ev_charger_ui/sysroot_frdm/usr/lib/libcrypto.so /home/anhtu/Downloads/ev_charger_ui/sysroot_frdm/usr/lib/libcap.so -ldl -lpthread 
gmake[1]: Leaving directory '/home/anhtu/Downloads/ev_charger_ui/build-libocpp-frdm/CMakeFiles/CMakeTmp'


Source file was:
#include <openssl/ssl.h>
int main(void) { OPENSSL_STACK *x = NULL; return !x; } 

Determining if the function ECDSA_SIG_set0 exists passed with the following output:
Change Dir: /home/anhtu/Downloads/ev_charger_ui/build-libocpp-frdm/CMakeFiles/CMakeTmp

Run Build Command(s):/usr/bin/gmake -f Makefile cmTC_4d430/fast && /usr/bin/gmake  -f CMakeFiles/cmTC_4d430.dir/build.make CMakeFiles/cmTC_4d430.dir/build
gmake[1]: Entering directory '/home/anhtu/Downloads/ev_charger_ui/build-libocpp-frdm/CMakeFiles/CMakeTmp'
Building C object CMakeFiles/cmTC_4d430.dir/CheckFunctionExists.c.o
/usr/bin/aarch64-linux-gnu-gcc --sysroot=/home/anhtu/Downloads/ev_charger_ui/sysroot_frdm -DKEYWORD=__inline  -Wno-deprecated-declarations -Wno-deprecated -Wall -Wextra -Wno-unused-parameter -Wconversion -Wsign-compare -Wstrict-aliasing -fvisibility=hidden -Wundef  -Wuninitialized -Wtype-limits -Wignored-qualifiers   -Werror -DCHECK_FUNCTION_EXISTS=ECDSA_SIG_set0 -o CMakeFiles/cmTC_4d430.dir/CheckFunctionExists.c.o -c /usr/share/cmake-3.22/Modules/CheckFunctionExists.c
Linking C executable cmTC_4d430
/usr/bin/cmake -E cmake_link_script CMakeFiles/cmTC_4d430.dir/link.txt --verbose=1
/usr/bin/aarch64-linux-gnu-gcc --sysroot=/home/anhtu/Downloads/ev_charger_ui/sysroot_frdm -Wno-deprecated-declarations -Wno-deprecated -Wall -Wextra -Wno-unused-parameter -Wconversion -Wsign-compare -Wstrict-aliasing -fvisibility=hidden -Wundef  -Wuninitialized -Wtype-limits -Wignored-qualifiers   -Werror -DCHECK_FUNCTION_EXISTS=ECDSA_SIG_set0 -L/home/anhtu/Downloads/ev_charger_ui/sysroot_frdm/usr/lib -Wl,-rpath-link,/home/anhtu/Downloads/ev_charger_ui/sysroot_frdm/usr/lib  CMakeFiles/cmTC_4d430.dir/CheckFunctionExists.c.o -o cmTC_4d430  /home/anhtu/Downloads/ev_charger_ui/sysroot_frdm/usr/lib/libssl.so /home/anhtu/Downloads/ev_charger_ui/sysroot_frdm/usr/lib/libcrypto.so /home/anhtu/Downloads/ev_charger_ui/sysroot_frdm/usr/lib/libcap.so -ldl -lpthread 
gmake[1]: Leaving directory '/home/anhtu/Downloads/ev_charger_ui/build-libocpp-frdm/CMakeFiles/CMakeTmp'



Determining if the function BN_bn2binpad exists passed with the following output:
Change Dir: /home/anhtu/Downloads/ev_charger_ui/build-libocpp-frdm/CMakeFiles/CMakeTmp

Run Build Command(s):/usr/bin/gmake -f Makefile cmTC_f9526/fast && /usr/bin/gmake  -f CMakeFiles/cmTC_f9526.dir/build.make CMakeFiles/cmTC_f9526.dir/build
gmake[1]: Entering directory '/home/anhtu/Downloads/ev_charger_ui/build-libocpp-frdm/CMakeFiles/CMakeTmp'
Building C object CMakeFiles/cmTC_f9526.dir/CheckFunctionExists.c.o
/usr/bin/aarch64-linux-gnu-gcc --sysroot=/home/anhtu/Downloads/ev_charger_ui/sysroot_frdm -DKEYWORD=__inline  -Wno-deprecated-declarations -Wno-deprecated -Wall -Wextra -Wno-unused-parameter -Wconversion -Wsign-compare -Wstrict-aliasing -fvisibility=hidden -Wundef  -Wuninitialized -Wtype-limits -Wignored-qualifiers   -Werror -DCHECK_FUNCTION_EXISTS=BN_bn2binpad -o CMakeFiles/cmTC_f9526.dir/CheckFunctionExists.c.o -c /usr/share/cmake-3.22/Modules/CheckFunctionExists.c
Linking C executable cmTC_f9526
/usr/bin/cmake -E cmake_link_script CMakeFiles/cmTC_f9526.dir/link.txt --verbose=1
/usr/bin/aarch64-linux-gnu-gcc --sysroot=/home/anhtu/Downloads/ev_charger_ui/sysroot_frdm -Wno-deprecated-declarations -Wno-deprecated -Wall -Wextra -Wno-unused-parameter -Wconversion -Wsign-compare -Wstrict-aliasing -fvisibility=hidden -Wundef  -Wuninitialized -Wtype-limits -Wignored-qualifiers   -Werror -DCHECK_FUNCTION_EXISTS=BN_bn2binpad -L/home/anhtu/Downloads/ev_charger_ui/sysroot_frdm/usr/lib -Wl,-rpath-link,/home/anhtu/Downloads/ev_charger_ui/sysroot_frdm/usr/lib  CMakeFiles/cmTC_f9526.dir/CheckFunctionExists.c.o -o cmTC_f9526  /home/anhtu/Downloads/ev_charger_ui/sysroot_frdm/usr/lib/libssl.so /home/anhtu/Downloads/ev_charger_ui/sysroot_frdm/usr/lib/libcrypto.so /home/anhtu/Downloads/ev_charger_ui/sysroot_frdm/usr/lib/libcap.so -ldl -lpthread 
gmake[1]: Leaving directory '/home/anhtu/Downloads/ev_charger_ui/build-libocpp-frdm/CMakeFiles/CMakeTmp'



Determining if the function EVP_aes_128_wrap exists passed with the following output:
Change Dir: /home/anhtu/Downloads/ev_charger_ui/build-libocpp-frdm/CMakeFiles/CMakeTmp

Run Build Command(s):/usr/bin/gmake -f Makefile cmTC_37b53/fast && /usr/bin/gmake  -f CMakeFiles/cmTC_37b53.dir/build.make CMakeFiles/cmTC_37b53.dir/build
gmake[1]: Entering directory '/home/anhtu/Downloads/ev_charger_ui/build-libocpp-frdm/CMakeFiles/CMakeTmp'
Building C object CMakeFiles/cmTC_37b53.dir/CheckFunctionExists.c.o
/usr/bin/aarch64-linux-gnu-gcc --sysroot=/home/anhtu/Downloads/ev_charger_ui/sysroot_frdm -DKEYWORD=__inline  -Wno-deprecated-declarations -Wno-deprecated -Wall -Wextra -Wno-unused-parameter -Wconversion -Wsign-compare -Wstrict-aliasing -fvisibility=hidden -Wundef  -Wuninitialized -Wtype-limits -Wignored-qualifiers   -Werror -DCHECK_FUNCTION_EXISTS=EVP_aes_128_wrap -o CMakeFiles/cmTC_37b53.dir/CheckFunctionExists.c.o -c /usr/share/cmake-3.22/Modules/CheckFunctionExists.c
Linking C executable cmTC_37b53
/usr/bin/cmake -E cmake_link_script CMakeFiles/cmTC_37b53.dir/link.txt --verbose=1
/usr/bin/aarch64-linux-gnu-gcc --sysroot=/home/anhtu/Downloads/ev_charger_ui/sysroot_frdm -Wno-deprecated-declarations -Wno-deprecated -Wall -Wextra -Wno-unused-parameter -Wconversion -Wsign-compare -Wstrict-aliasing -fvisibility=hidden -Wundef  -Wuninitialized -Wtype-limits -Wignored-qualifiers   -Werror -DCHECK_FUNCTION_EXISTS=EVP_aes_128_wrap -L/home/anhtu/Downloads/ev_charger_ui/sysroot_frdm/usr/lib -Wl,-rpath-link,/home/anhtu/Downloads/ev_charger_ui/sysroot_frdm/usr/lib  CMakeFiles/cmTC_37b53.dir/CheckFunctionExists.c.o -o cmTC_37b53  /home/anhtu/Downloads/ev_charger_ui/sysroot_frdm/usr/lib/libssl.so /home/anhtu/Downloads/ev_charger_ui/sysroot_frdm/usr/lib/libcrypto.so /home/anhtu/Downloads/ev_charger_ui/sysroot_frdm/usr/lib/libcap.so -ldl -lpthread 
gmake[1]: Leaving directory '/home/anhtu/Downloads/ev_charger_ui/build-libocpp-frdm/CMakeFiles/CMakeTmp'



Determining if the function EC_POINT_get_affine_coordinates exists passed with the following output:
Change Dir: /home/anhtu/Downloads/ev_charger_ui/build-libocpp-frdm/CMakeFiles/CMakeTmp

Run Build Command(s):/usr/bin/gmake -f Makefile cmTC_70ac3/fast && /usr/bin/gmake  -f CMakeFiles/cmTC_70ac3.dir/build.make CMakeFiles/cmTC_70ac3.dir/build
gmake[1]: Entering directory '/home/anhtu/Downloads/ev_charger_ui/build-libocpp-frdm/CMakeFiles/CMakeTmp'
Building C object CMakeFiles/cmTC_70ac3.dir/CheckFunctionExists.c.o
/usr/bin/aarch64-linux-gnu-gcc --sysroot=/home/anhtu/Downloads/ev_charger_ui/sysroot_frdm -DKEYWORD=__inline  -Wno-deprecated-declarations -Wno-deprecated -Wall -Wextra -Wno-unused-parameter -Wconversion -Wsign-compare -Wstrict-aliasing -fvisibility=hidden -Wundef  -Wuninitialized -Wtype-limits -Wignored-qualifiers   -Werror -DCHECK_FUNCTION_EXISTS=EC_POINT_get_affine_coordinates -o CMakeFiles/cmTC_70ac3.dir/CheckFunctionExists.c.o -c /usr/share/cmake-3.22/Modules/CheckFunctionExists.c
Linking C executable cmTC_70ac3
/usr/bin/cmake -E cmake_link_script CMakeFiles/cmTC_70ac3.dir/link.txt --verbose=1
/usr/bin/aarch64-linux-gnu-gcc --sysroot=/home/anhtu/Downloads/ev_charger_ui/sysroot_frdm -Wno-deprecated-declarations -Wno-deprecated -Wall -Wextra -Wno-unused-parameter -Wconversion -Wsign-compare -Wstrict-aliasing -fvisibility=hidden -Wundef  -Wuninitialized -Wtype-limits -Wignored-qualifiers   -Werror -DCHECK_FUNCTION_EXISTS=EC_POINT_get_affine_coordinates -L/home/anhtu/Downloads/ev_charger_ui/sysroot_frdm/usr/lib -Wl,-rpath-link,/home/anhtu/Downloads/ev_charger_ui/sysroot_frdm/usr/lib  CMakeFiles/cmTC_70ac3.dir/CheckFunctionExists.c.o -o cmTC_70ac3  /home/anhtu/Downloads/ev_charger_ui/sysroot_frdm/usr/lib/libssl.so /home/anhtu/Downloads/ev_charger_ui/sysroot_frdm/usr/lib/libcrypto.so /home/anhtu/Downloads/ev_charger_ui/sysroot_frdm/usr/lib/libcap.so -ldl -lpthread 
gmake[1]: Leaving directory '/home/anhtu/Downloads/ev_charger_ui/build-libocpp-frdm/CMakeFiles/CMakeTmp'



Determining if the function SSL_CTX_load_verify_file exists passed with the following output:
Change Dir: /home/anhtu/Downloads/ev_charger_ui/build-libocpp-frdm/CMakeFiles/CMakeTmp

Run Build Command(s):/usr/bin/gmake -f Makefile cmTC_14516/fast && /usr/bin/gmake  -f CMakeFiles/cmTC_14516.dir/build.make CMakeFiles/cmTC_14516.dir/build
gmake[1]: Entering directory '/home/anhtu/Downloads/ev_charger_ui/build-libocpp-frdm/CMakeFiles/CMakeTmp'
Building C object CMakeFiles/cmTC_14516.dir/CheckFunctionExists.c.o
/usr/bin/aarch64-linux-gnu-gcc --sysroot=/home/anhtu/Downloads/ev_charger_ui/sysroot_frdm -DKEYWORD=__inline  -Wno-deprecated-declarations -Wno-deprecated -Wall -Wextra -Wno-unused-parameter -Wconversion -Wsign-compare -Wstrict-aliasing -fvisibility=hidden -Wundef  -Wuninitialized -Wtype-limits -Wignored-qualifiers   -Werror -DCHECK_FUNCTION_EXISTS=SSL_CTX_load_verify_file -o CMakeFiles/cmTC_14516.dir/CheckFunctionExists.c.o -c /usr/share/cmake-3.22/Modules/CheckFunctionExists.c
Linking C executable cmTC_14516
/usr/bin/cmake -E cmake_link_script CMakeFiles/cmTC_14516.dir/link.txt --verbose=1
/usr/bin/aarch64-linux-gnu-gcc --sysroot=/home/anhtu/Downloads/ev_charger_ui/sysroot_frdm -Wno-deprecated-declarations -Wno-deprecated -Wall -Wextra -Wno-unused-parameter -Wconversion -Wsign-compare -Wstrict-aliasing -fvisibility=hidden -Wundef  -Wuninitialized -Wtype-limits -Wignored-qualifiers   -Werror -DCHECK_FUNCTION_EXISTS=SSL_CTX_load_verify_file -L/home/anhtu/Downloads/ev_charger_ui/sysroot_frdm/usr/lib -Wl,-rpath-link,/home/anhtu/Downloads/ev_charger_ui/sysroot_frdm/usr/lib  CMakeFiles/cmTC_14516.dir/CheckFunctionExists.c.o -o cmTC_14516  /home/anhtu/Downloads/ev_charger_ui/sysroot_frdm/usr/lib/libssl.so /home/anhtu/Downloads/ev_charger_ui/sysroot_frdm/usr/lib/libcrypto.so /home/anhtu/Downloads/ev_charger_ui/sysroot_frdm/usr/lib/libcap.so -ldl -lpthread 
gmake[1]: Leaving directory '/home/anhtu/Downloads/ev_charger_ui/build-libocpp-frdm/CMakeFiles/CMakeTmp'



Determining if the function SSL_CTX_load_verify_dir exists passed with the following output:
Change Dir: /home/anhtu/Downloads/ev_charger_ui/build-libocpp-frdm/CMakeFiles/CMakeTmp

Run Build Command(s):/usr/bin/gmake -f Makefile cmTC_84994/fast && /usr/bin/gmake  -f CMakeFiles/cmTC_84994.dir/build.make CMakeFiles/cmTC_84994.dir/build
gmake[1]: Entering directory '/home/anhtu/Downloads/ev_charger_ui/build-libocpp-frdm/CMakeFiles/CMakeTmp'
Building C object CMakeFiles/cmTC_84994.dir/CheckFunctionExists.c.o
/usr/bin/aarch64-linux-gnu-gcc --sysroot=/home/anhtu/Downloads/ev_charger_ui/sysroot_frdm -DKEYWORD=__inline  -Wno-deprecated-declarations -Wno-deprecated -Wall -Wextra -Wno-unused-parameter -Wconversion -Wsign-compare -Wstrict-aliasing -fvisibility=hidden -Wundef  -Wuninitialized -Wtype-limits -Wignored-qualifiers   -Werror -DCHECK_FUNCTION_EXISTS=SSL_CTX_load_verify_dir -o CMakeFiles/cmTC_84994.dir/CheckFunctionExists.c.o -c /usr/share/cmake-3.22/Modules/CheckFunctionExists.c
Linking C executable cmTC_84994
/usr/bin/cmake -E cmake_link_script CMakeFiles/cmTC_84994.dir/link.txt --verbose=1
/usr/bin/aarch64-linux-gnu-gcc --sysroot=/home/anhtu/Downloads/ev_charger_ui/sysroot_frdm -Wno-deprecated-declarations -Wno-deprecated -Wall -Wextra -Wno-unused-parameter -Wconversion -Wsign-compare -Wstrict-aliasing -fvisibility=hidden -Wundef  -Wuninitialized -Wtype-limits -Wignored-qualifiers   -Werror -DCHECK_FUNCTION_EXISTS=SSL_CTX_load_verify_dir -L/home/anhtu/Downloads/ev_charger_ui/sysroot_frdm/usr/lib -Wl,-rpath-link,/home/anhtu/Downloads/ev_charger_ui/sysroot_frdm/usr/lib  CMakeFiles/cmTC_84994.dir/CheckFunctionExists.c.o -o cmTC_84994  /home/anhtu/Downloads/ev_charger_ui/sysroot_frdm/usr/lib/libssl.so /home/anhtu/Downloads/ev_charger_ui/sysroot_frdm/usr/lib/libcrypto.so /home/anhtu/Downloads/ev_charger_ui/sysroot_frdm/usr/lib/libcap.so -ldl -lpthread 
gmake[1]: Leaving directory '/home/anhtu/Downloads/ev_charger_ui/build-libocpp-frdm/CMakeFiles/CMakeTmp'



Determining if the function TLS_client_method exists passed with the following output:
Change Dir: /home/anhtu/Downloads/ev_charger_ui/build-libocpp-frdm/CMakeFiles/CMakeTmp

Run Build Command(s):/usr/bin/gmake -f Makefile cmTC_dd875/fast && /usr/bin/gmake  -f CMakeFiles/cmTC_dd875.dir/build.make CMakeFiles/cmTC_dd875.dir/build
gmake[1]: Entering directory '/home/anhtu/Downloads/ev_charger_ui/build-libocpp-frdm/CMakeFiles/CMakeTmp'
Building C object CMakeFiles/cmTC_dd875.dir/CheckFunctionExists.c.o
/usr/bin/aarch64-linux-gnu-gcc --sysroot=/home/anhtu/Downloads/ev_charger_ui/sysroot_frdm -DKEYWORD=__inline  -Wno-deprecated-declarations -Wno-deprecated -Wall -Wextra -Wno-unused-parameter -Wconversion -Wsign-compare -Wstrict-aliasing -fvisibility=hidden -Wundef  -Wuninitialized -Wtype-limits -Wignored-qualifiers   -Werror -DCHECK_FUNCTION_EXISTS=TLS_client_method -o CMakeFiles/cmTC_dd875.dir/CheckFunctionExists.c.o -c /usr/share/cmake-3.22/Modules/CheckFunctionExists.c
Linking C executable cmTC_dd875
/usr/bin/cmake -E cmake_link_script CMakeFiles/cmTC_dd875.dir/link.txt --verbose=1
/usr/bin/aarch64-linux-gnu-gcc --sysroot=/home/anhtu/Downloads/ev_charger_ui/sysroot_frdm -Wno-deprecated-declarations -Wno-deprecated -Wall -Wextra -Wno-unused-parameter -Wconversion -Wsign-compare -Wstrict-aliasing -fvisibility=hidden -Wundef  -Wuninitialized -Wtype-limits -Wignored-qualifiers   -Werror -DCHECK_FUNCTION_EXISTS=TLS_client_method -L/home/anhtu/Downloads/ev_charger_ui/sysroot_frdm/usr/lib -Wl,-rpath-link,/home/anhtu/Downloads/ev_charger_ui/sysroot_frdm/usr/lib  CMakeFiles/cmTC_dd875.dir/CheckFunctionExists.c.o -o cmTC_dd875  /home/anhtu/Downloads/ev_charger_ui/sysroot_frdm/usr/lib/libssl.so /home/anhtu/Downloads/ev_charger_ui/sysroot_frdm/usr/lib/libcrypto.so /home/anhtu/Downloads/ev_charger_ui/sysroot_frdm/usr/lib/libcap.so -ldl -lpthread 
gmake[1]: Leaving directory '/home/anhtu/Downloads/ev_charger_ui/build-libocpp-frdm/CMakeFiles/CMakeTmp'



Determining if the function TLSv1_2_client_method exists passed with the following output:
Change Dir: /home/anhtu/Downloads/ev_charger_ui/build-libocpp-frdm/CMakeFiles/CMakeTmp

Run Build Command(s):/usr/bin/gmake -f Makefile cmTC_edb26/fast && /usr/bin/gmake  -f CMakeFiles/cmTC_edb26.dir/build.make CMakeFiles/cmTC_edb26.dir/build
gmake[1]: Entering directory '/home/anhtu/Downloads/ev_charger_ui/build-libocpp-frdm/CMakeFiles/CMakeTmp'
Building C object CMakeFiles/cmTC_edb26.dir/CheckFunctionExists.c.o
/usr/bin/aarch64-linux-gnu-gcc --sysroot=/home/anhtu/Downloads/ev_charger_ui/sysroot_frdm -DKEYWORD=__inline  -Wno-deprecated-declarations -Wno-deprecated -Wall -Wextra -Wno-unused-parameter -Wconversion -Wsign-compare -Wstrict-aliasing -fvisibility=hidden -Wundef  -Wuninitialized -Wtype-limits -Wignored-qualifiers   -Werror -DCHECK_FUNCTION_EXISTS=TLSv1_2_client_method -o CMakeFiles/cmTC_edb26.dir/CheckFunctionExists.c.o -c /usr/share/cmake-3.22/Modules/CheckFunctionExists.c
Linking C executable cmTC_edb26
/usr/bin/cmake -E cmake_link_script CMakeFiles/cmTC_edb26.dir/link.txt --verbose=1
/usr/bin/aarch64-linux-gnu-gcc --sysroot=/home/anhtu/Downloads/ev_charger_ui/sysroot_frdm -Wno-deprecated-declarations -Wno-deprecated -Wall -Wextra -Wno-unused-parameter -Wconversion -Wsign-compare -Wstrict-aliasing -fvisibility=hidden -Wundef  -Wuninitialized -Wtype-limits -Wignored-qualifiers   -Werror -DCHECK_FUNCTION_EXISTS=TLSv1_2_client_method -L/home/anhtu/Downloads/ev_charger_ui/sysroot_frdm/usr/lib -Wl,-rpath-link,/home/anhtu/Downloads/ev_charger_ui/sysroot_frdm/usr/lib  CMakeFiles/cmTC_edb26.dir/CheckFunctionExists.c.o -o cmTC_edb26  /home/anhtu/Downloads/ev_charger_ui/sysroot_frdm/usr/lib/libssl.so /home/anhtu/Downloads/ev_charger_ui/sysroot_frdm/usr/lib/libcrypto.so /home/anhtu/Downloads/ev_charger_ui/sysroot_frdm/usr/lib/libcap.so -ldl -lpthread 
gmake[1]: Leaving directory '/home/anhtu/Downloads/ev_charger_ui/build-libocpp-frdm/CMakeFiles/CMakeTmp'



